Octamers,Flag
AAAAAPAK,-1
AAAAPAKV,-1
AAAELGAR,-1
AAAPAKVE,-1
AAAPVAAA,-1
AAAPVVPQ,-1
AAATTAAP,-1
AADMLGSY,-1
AAEIEGAG,-1
AAELEMEL,-1
AAELVALA,1
AAEQGRPP,-1
AAEVVHPG,-1
AAGAVASY,-1
AAGDLAPI,-1
AAGGDGAE,-1
AAGIVGNL,-1
AAICAGPT,-1
AAKDPSAV,-1
AALCSEAA,-1
AALGGNSS,-1
AALIQQAT,-1
AAMQDPEV,-1
AANYQDTI,-1
AAPAAAAA,-1
AAPAKVEA,-1
AAPLPMMP,-1
AAPVAAAT,-1
AAPVVPQA,-1
AASMSAFD,-1
AASQSFLQ,-1
AASSSSLE,-1
AATEDLWE,-1
AATTAAPA,-1
AAVAGGAP,-1
AAVMNTWT,-1
AAVPVQDL,-1
AAYAHELP,-1
ACALLLLF,1
ACIGEKLD,-1
ADAVAVTM,-1
ADDRADLA,-1
ADDVTLDD,-1
ADEELLFN,1
ADELALVD,1
ADESGQIF,-1
ADGAGLQL,-1
ADIEDFKA,-1
ADILFNFS,1
ADIYTEHA,1
ADKFDENA,-1
ADKVIVTS,-1
ADLTGELM,-1
ADLVVGLC,-1
ADMLGSYG,-1
ADPVSAQH,-1
ADSKPGTI,-1
ADSQPPVF,-1
ADTHIPGS,-1
ADTNNHQI,-1
ADVMIATQ,1
ADVTTPQT,-1
ADYKPPAT,-1
AEADGAGL,-1
AEAGGMHT,-1
AEAILAAD,-1
AEALGTLM,-1
AEAMNYEG,-1
AEAYLGYP,1
AECFDEIT,-1
AEDGPPEL,-1
AEDKENYK,-1
AEDMEEEQ,1
AEDNADTL,-1
AEEAEEVG,1
AEEELQQA,1
AEEKAPVK,-1
AEEKLQAS,-1
AEELMNFS,1
AEEVVQER,-1
AEEYKEAR,-1
AEGIIHDT,-1
AEGLGVIA,-1
AEHELNLA,-1
AEIEGAGA,-1
AEIVQLVG,-1
AEKDEFEH,-1
AEKLPNLT,-1
AELEQLKG,-1
AELVDSVL,-1
AEMLLANL,-1
AENTLQSF,-1
AEPADFES,-1
AEQGRPPE,-1
AEQLEQTK,-1
AESEKWQQ,-1
AESGVQHK,-1
AEVAQHYQ,-1
AEVKPLVE,-1
AEVPQAQP,-1
AEVVHPGD,-1
AFDGIIFQ,1
AFEAVVVT,1
AFGDVSKP,-1
AFGSGGGL,-1
AFIQDPDG,-1
AFLADPSA,-1
AFLHPEEF,-1
AFNLFVGN,1
AFQDVAQN,-1
AFVDFLSD,1
AGAFVIVT,1
AGAGNSVL,-1
AGAVASYD,-1
AGDALLQM,-1
AGDAPGEA,1
AGDEESYE,-1
AGDLAPIN,-1
AGDQELLH,-1
AGEYAVHV,1
AGFQDIPK,-1
AGGAPSVG,-1
AGGDGAEA,-1
AGGMHTVC,-1
AGGPGPGG,-1
AGGVMTAL,-1
AGHQEEAK,-1
AGIMDHEE,-1
AGIVGNLR,-1
AGKDDYVK,-1
AGKVDDAR,-1
AGPDTNGS,-1
AGPTALLA,-1
AGQGEVLV,-1
AGTPMFVV,-1
AGVAPESF,-1
AGVFMASH,1
AGVIAGLN,-1
AHALAEGL,1
AHAVDAVK,-1
AHEIGFGS,-1
AHILSPWG,-1
AHPPSAEV,-1
AHQVVVAK,-1
AIAAMNEP,-1
AIAIGDLV,-1
AIAPPLLQ,-1
AIAPVLLD,-1
AIATGGAV,-1
AICAGPTA,-1
AIDEVVVT,1
AIDGMNSI,-1
AIEASEAA,1
AIEKPTYA,-1
AIEPPPLD,-1
AIFNLLNL,-1
AIGDLVKS,-1
AILENANV,-1
AILGITES,-1
AILSAIAA,-1
AILTQLHP,-1
AIMENANV,-1
AIQPGCIN,-1
AIQPNTTG,-1
AIRPYVSR,-1
AISLFYEL,-1
AIVEALNG,-1
AIVLPMNH,-1
AIYDTPCI,-1
AIYKPVTD,-1
AKDDLSGA,-1
AKDPSAVA,-1
AKGDYPLE,-1
ALAAVPVQ,-1
ALAIVEAL,-1
ALAQAVNA,-1
ALATLHDR,-1
ALCSEAAL,-1
ALDFEQEM,1
ALDLAVLD,1
ALDLGGSS,-1
ALDLGGTN,-1
ALDNVDAR,-1
ALEGVVLS,1
ALELLFDQ,1
ALESPERP,1
ALGGNSSP,-1
ALGIAQPK,-1
ALIEMEKQ,1
ALILHDDE,-1
ALINAAIQ,-1
ALIQQATT,-1
ALKDDSWL,-1
ALLAHEIG,1
ALLDAVTQ,-1
ALLDGSNV,-1
ALLFVHYL,-1
ALMKEEGV,-1
ALMLQGVD,-1
ALNEANLS,-1
ALNGKEVA,-1
ALNPDFKP,-1
ALSDHHIY,-1
ALSDVCDV,-1
ALSLAVDK,-1
ALTAASEA,-1
ALVAEEHL,1
ALVDVIED,-1
ALVHPDLD,-1
ALYDICFR,-1
ALYPEGQA,-1
AMATVTAL,-1
AMEDGEID,1
AMFDQSQI,-1
AMLGQAEE,-1
AMNYEGSP,-1
AMQDPEVM,-1
AMVEYEID,1
ANALDNVD,-1
ANAYHCEK,-1
ANDDIIVN,1
ANDEELNQ,-1
ANILHDDC,-1
ANKIGFEE,-1
ANKVPAAA,-1
ANSGAVKR,-1
ANTLAEKD,-1
ANYQDTIG,-1
APAAAAAP,-1
APAGITLK,-1
APAKVEAK,-1
APESAPLK,-1
APGAGAIP,-1
APLAAGIV,-1
APLLGWNS,-1
APLPMMPL,-1
APMFVMGV,-1
APMHDLLL,-1
APPLLQEL,-1
APTQWLDG,-1
APVAAATT,-1
APVLLDAL,-1
APVNVTTE,-1
APVVPQAL,-1
AQEGVILD,1
AQESVGIY,-1
AQHYQDTL,-1
AQIAAENE,-1
AQIDPVEK,-1
AQIIEACD,-1
AQNDLIWN,1
AQNLMQSV,-1
AQNPANMS,-1
AQPVLVFK,-1
AQQVLWNC,-1
AQTEALMR,-1
AQTLQQSR,-1
AQVLAQER,-1
ARPPISMN,-1
ASASFFLD,-1
ASDGIMVA,-1
ASEISTWD,-1
ASFLNDVG,-1
ASGKPIAA,-1
ASGMDEMA,-1
ASGVCIDS,-1
ASGVSVLP,-1
ASIPLPDK,-1
ASLDQPTQ,-1
ASLEGDSG,-1
ASLKPEFV,-1
ASMSAFDP,-1
ASNNELVR,-1
ASPAHAVD,-1
ASPLLQYF,-1
ASQEIAEK,-1
ASQPGVDG,-1
ASQSFLQP,-1
ASSQAVSN,-1
ASSSSLEK,-1
ASTCPDDE,-1
ASVADTAE,-1
ASVLRISS,-1
ATAASSSS,-1
ATDFGEAL,-1
ATDNQAIK,-1
ATEDLWES,-1
ATEMLVHN,1
ATGFIDGD,-1
ATGGKYVP,-1
ATHEDAVA,-1
ATHEEAVA,-1
ATILSMMD,1
ATMPSDVL,-1
ATQGELVR,-1
ATQGHQDQ,-1
ATTAAPAA,-1
ATTLDESL,-1
ATVTTCHS,-1
ATYDKLCK,-1
AVADVTTP,-1
AVAGGAPS,-1
AVANDEEL,-1
AVAVTMGP,-1
AVDAVIAE,-1
AVDGEPLG,-1
AVDLPAVS,1
AVDVLVSS,-1
AVEAANYQ,-1
AVEVFEGE,1
AVFGEEGL,-1
AVHDAILE,-1
AVHVLCNS,-1
AVIAELKK,-1
AVIPGGSS,-1
AVISASAS,-1
AVITVPAY,-1
AVLDGADC,-1
AVLDQVEA,-1
AVLGHELG,-1
AVLISEAQ,-1
AVLQPTPQ,-1
AVLTVADM,-1
AVMNTWTK,-1
AVNAFQEA,1
AVPVQDLG,-1
AVQNMVSH,-1
AVSEKDIQ,-1
AVVDLIDA,1
AVVILDAG,-1
AWAGAPLL,1
AYAHELPK,-1
AYFNDSQR,-1
AYVDLEKD,1
CAAYAHEL,-1
CADDRADL,-1
CAGPTALL,-1
CCENILLN,1
CEECIQLE,1
CEVTNLND,-1
CFEAVVVT,1
CGIHETTF,-1
CIGEKLDE,-1
CIGENGEL,-1
CILGQNGI,-1
CINYDLVK,-1
CLEAYTGI,1
CLEHGIQP,-1
CLELFSEL,1
CLELFTEL,1
CNDYVALV,1
CNENSLFK,-1
CNLNELVK,-1
CNPIISGL,-1
CPELIEAF,1
CPILPAKK,-1
CSEAALQA,-1
CSQEESIK,-1
CSSAPGPL,-1
CTGDVTAW,-1
CVAGDEES,-1
CWELYCLE,1
DAANFEQF,1
DADIEDFK,-1
DAEAILAA,-1
DAEDGPPE,-1
DAGAQYGK,-1
DAGKVDDA,-1
DAIPAVEV,-1
DAIQPGCI,-1
DALLFVHY,-1
DALTDPSR,-1
DANTLAEK,-1
DATAQMAM,-1
DAVAAMAK,-1
DAVAAMSK,-1
DAVAVTMG,-1
DAVIAELK,-1
DAVTQQEK,-1
DCAFLSAF,1
DCAFMVDN,1
DCIMLSGE,1
DDAEAILA,-1
DDDDEEAE,1
DDDETEVL,-1
DDDFFQNL,1
DDDYFLCL,1
DDEEIELA,1
DDGGDLTN,-1
DDGVSIPG,-1
DDHDPVDK,-1
DDHDSVDK,-1
DDIGHGVK,-1
DDLDFFIG,-1
DDLSGADI,-1
DDRADLAK,-1
DDVDSSVC,-1
DDVFLSVP,1
DDVGTGAG,-1
DEAIEKPT,-1
DECGAGVF,-1
DEEEVELC,1
DEELNQLL,-1
DEEMDLAI,-1
DEEMLFIY,1
DEESEQAT,-1
DEESYEVF,-1
DEHGIDPT,-1
DEHSVNYK,-1
DEILEASD,1
DESGPSIV,-1
DETIKNPR,-1
DEVLVNHF,1
DEYCVQQL,-1
DFAAEVVH,-1
DFALVQRP,1
DFEPSTES,-1
DFESLLLS,1
DFGEALVR,-1
DFKPPADY,-1
DFLSDEIK,-1
DFMGITLA,1
DFQLIGIQ,-1
DFTGTLIV,1
DGAEAPAK,-1
DGAGLQLR,-1
DGALNVDL,-1
DGATILSM,-1
DGDGTITT,-1
DGDLIESF,1
DGGDLTNL,-1
DGHHHYEG,-1
DGLNASQI,-1
DGLSNILK,-1
DGMNSIAR,-1
DGNKVTLD,-1
DGQEYAQV,-1
DGQMPSDK,-1
DGQQTIIA,-1
DGSLDLNA,-1
DGSNVVFK,-1
DGSQNTNV,-1
DGTIVDDD,-1
DGTVLCEL,-1
DGVADVSI,-1
DGVANALD,-1
DGVSIPGE,-1
DGYWIEIL,1
DHFLFDKP,1
DIAMTELP,1
DIAVDGEP,-1
DICFTSVQ,-1
DIEDFKAK,-1
DIELVSNS,1
DIENAYKK,-1
DIKPIWQR,-1
DIPAAVNA,-1
DKATYDKL,-1
DKDGDGTI,-1
DKFDENAK,-1
DKGNQVYR,-1
DKINALIK,-1
DKPVSPLL,-1
DKVIVTSK,-1
DLDALAAE,1
DLDLTADS,1
DLEEAEEY,1
DLEGENIE,-1
DLELINVC,1
DLENLPAS,-1
DLEPTVID,-1
DLGGSSFR,-1
DLGGTNFR,-1
DLGSTVIK,-1
DLLLWNNA,1
DLLSNITL,1
DLMTQAGV,-1
DLNAAESG,1
DLNEVPVK,-1
DLNFIKQS,-1
DLQKMPLG,-1
DLRPFLAK,-1
DLSGADIK,-1
DLSLAVLQ,1
DLSNGKPR,-1
DLTGDLES,-1
DLTGELMR,-1
DLTLYQSN,1
DLTNLIHT,-1
DLVFIFWA,1
DLVGVLHD,1
DLVKSTLG,-1
DLVVGLCT,-1
DMDQVENH,-1
DMEDLVHD,-1
DMLGSYGS,-1
DMLLANKV,-1
DNAPPPEL,-1
DNDSESDY,-1
DNEAIYDI,-1
DNEKDLVK,-1
DNFGIVEG,-1
DNPALADI,-1
DPAEKDEK,-1
DPAGHQEE,-1
DPEGLEFP,1
DPEVIPEN,-1
DPLGGSDT,-1
DPNLSELR,-1
DPQPEHPL,-1
DPTGTYHG,-1
DPVSAQHA,-1
DQDILDLV,-1
DQDLITII,1
DQELLHQA,-1
DQLHEGAK,-1
DQLKPGGR,-1
DQLQGGQL,-1
DQPTQTVV,-1
DQQSFGIK,-1
DQSQIQEF,-1
DQVENHEF,-1
DQVIQSLI,-1
DSDLQLER,-1
DSDMMLNI,1
DSEFFLTT,1
DSEFTLAS,-1
DSKPGTIR,-1
DSLAANVK,-1
DSPSAQLA,-1
DSQPPVFK,-1
DSSGNVVN,-1
DSSVPVWS,-1
DSVLDVVR,-1
DSVYLSEV,1
DTHIPGSP,-1
DTLALVFE,1
DTLLATLK,-1
DTNLCAIH,-1
DTNLVALM,1
DTNNHQIK,-1
DTPTQEDW,-1
DTQVVVFK,-1
DTSRPPLE,-1
DVAPLSLG,-1
DVAQNPAN,-1
DVCDVPTA,-1
DVDHQIAK,-1
DVDLAEVK,1
DVDSLVIE,1
DVDSSVCR,-1
DVESYIHR,-1
DVGDVDAK,-1
DVGTGAGL,-1
DVIEDKLK,-1
DVIQHETI,-1
DVIYIEAN,1
DVLEVTKK,-1
DVLVSSGE,-1
DVPCGNIV,-1
DVQPHDLG,-1
DVTTPQTV,-1
DVVQAEAG,1
DWCPTGFK,-1
DWELMNDI,1
DYDLIIIG,1
DYGPHFQG,-1
DYKPPATR,-1
DYPLEAVR,-1
EAACLIVS,1
EAAEQGRP,-1
EAALQAIR,-1
EAANYQDT,-1
EAASLLGK,-1
EACDVCLK,-1
EADGAGLQ,-1
EAEADGAG,-1
EAEEKAPV,-1
EAEMIQLQ,1
EAENTLQS,-1
EAFDISKK,-1
EAFLNSQK,-1
EAGGMHTV,-1
EAGKDDYV,-1
EAHGTGTK,-1
EAIAPPLL,-1
EAIEKPTY,-1
EAINVEQA,1
EAIRPYVS,-1
EAIVLPMN,-1
EAIYDICR,-1
EALGIAQP,-1
EALGTLMR,-1
EALHYLTK,-1
EALKDDSW,-1
EALNGKEV,-1
EALYDICF,-1
EAMNYEGS,-1
EANKIGFE,-1
EANLSNLK,-1
EANSGAVK,-1
EAPLAAGI,-1
EASDGIMV,-1
EASLEGDS,-1
EASLESAK,-1
EATDNQAI,-1
EATGGKYV,-1
EAVAAMSK,-1
EAVQNMVS,-1
ECADDRAD,-1
ECFDEITY,-1
ECNLNELV,-1
EDAAELVA,-1
EDAVAAMA,-1
EDAVAAMS,-1
EDAYHEHQ,1
EDDEVETA,1
EDDVGTGA,-1
EDELWASF,1
EDGPPELL,-1
EDGQEYAQ,-1
EDHLAWSK,-1
EDIIDTGK,-1
EDIIQGFR,-1
EDKENYKK,-1
EDKGNQVY,-1
EDKINALI,-1
EDMEDLVH,-1
EDNADTLA,-1
EDNEKDLV,-1
EDPAGHQE,-1
EDPSTVLR,-1
EDSEFTLA,-1
EDSSGNVV,-1
EDTFIADL,1
EDTNLCAI,-1
EDVPCGNI,-1
EDVQPHDL,-1
EEAEEKAP,-1
EEAENTLQ,-1
EEAIRPYV,-1
EEALHYLT,-1
EEAVAAMS,-1
EEDAAELV,-1
EEDLVVWV,1
EEDSDEEE,-1
EEEAIQLD,1
EEEDLAEI,1
EEEDSDEE,-1
EEEEDSDE,-1
EEELLVIF,1
EEEQAFKR,-1
EEGETEAN,-1
EEGLTLNL,-1
EEHLTVDA,-1
EEIAVQFV,1
EEIEIVLA,1
EEKAPVKK,-1
EEKLQASV,-1
EELAAAER,-1
EELNQLLK,-1
EEMDLAIE,-1
EEMGHCDS,-1
EENFAVEA,1
EENLDCPE,-1
EENLMDAQ,-1
EEQQMHLN,-1
EEQTVDGR,-1
EESEQATE,-1
EESQVAGT,-1
EESYEVFK,-1
EEVDEEGK,1
EEVDFAGW,1
EEVGVEHL,-1
EEVLAVLG,1
EEYIQQLC,-1
EFAIQPNT,-1
EFALAIVE,1
EFATHEDA,-1
EFATHEEA,-1
EFDAVVVG,1
EFLTPVEE,-1
EFPWGPKP,-1
EFQTNLVP,-1
EFSITYKP,-1
EFVDIINA,-1
EFVTHEDA,-1
EGAELVDS,1
EGANAYHC,-1
EGDLIEHF,1
EGDMIVCA,1
EGDYVLFH,1
EGEETFEA,-1
EGEPGNKV,-1
EGETEANN,-1
EGEVISLG,-1
EGGVDVGD,-1
EGHLGVTK,-1
EGIFTGSA,-1
EGIIHDTE,-1
EGLGVIAC,-1
EGLTLNLE,-1
EGNDLYHE,-1
EGNEQFIN,-1
EGQAPVKK,-1
EGTLLKPN,-1
EGVAHIID,-1
EHAHQVVV,-1
EHCSSIVM,-1
EHELNLAR,-1
EHFSQFGT,-1
EHGDSSVP,-1
EHGIDPTG,-1
EHGIQPDG,-1
EHLKNPVI,-1
EHLTVDAR,-1
EHPDKFLK,-1
EHQANLLR,-1
EHSLVIDT,-1
EHSMDTLL,-1
EHSVNYKP,-1
EHVAAAEL,-1
EIDGNKVT,-1
EIDLQKMP,-1
EIEGAGAA,-1
EIEGEEIE,-1
EIENNPTV,-1
EIGRPLGK,-1
EIIEGMKF,-1
EIINEDIA,-1
EILQEEED,-1
EIRDMLLA,-1
EISEDKTK,-1
EISFGTTK,-1
EITYVELQ,1
EIVQLVGK,-1
EKDEFEHK,-1
EKDFAAEV,-1
EKDIQDLK,-1
EKEQIVPK,-1
EKIEKEQS,-1
EKLPNLTH,-1
EKLQASVR,-1
EKPTYATK,-1
EKQQQDQV,-1
EKWQQALK,-1
ELAEDKEN,-1
ELASQPGV,-1
ELAYEQVA,-1
ELCPILPA,-1
ELDAFLKE,1
ELDDLLVD,1
ELDLSLSD,1
ELEAVQNM,1
ELEIIEGM,1
ELEMIGFI,1
ELEQLKGQ,-1
ELGLVDGQ,-1
ELIKVEGK,-1
ELINALYP,1
ELINGYIQ,-1
ELIPQLVA,-1
ELLDYEDD,-1
ELLPEAQH,-1
ELNGNQPM,-1
ELNQYSAK,-1
ELNVPFFK,-1
ELPPTHPI,-1
ELQKEEAQ,-1
ELSLLGKK,-1
ELVALAQA,1
ELVDSVLD,-1
ELVFKEDG,1
ELYCLEHG,1
EMADFLSD,1
EMATAASS,-1
EMDGTENK,-1
EMDLAIEA,-1
EMELNEHS,1
EMGHCDSV,-1
EMILTEKE,1
EMLLANLR,-1
ENANVLAR,-1
ENASGKPI,-1
ENDLNFIK,-1
ENEEDEHS,1
ENGGSLGS,-1
ENIEIVFA,1
ENILHVSE,-1
ENKIPATQ,-1
ENLDCPEL,-1
ENLLDFIK,-1
ENLMDAQV,-1
ENPEHNDF,-1
ENQEIYQK,-1
ENSEGGLH,-1
ENTDLVTL,1
ENTLQSFR,-1
ENVRPDIV,-1
EPALNEAN,-1
EPASLLEL,-1
EPGDYNIN,-1
EPGNKVNL,-1
EPIDEYCV,-1
EPTTAFNL,-1
EPTVIDEV,-1
EQAFQTIA,-1
EQEMATAA,-1
EQFINAAK,-1
EQGETPLT,-1
EQGHLLPE,-1
EQGRPPEH,-1
EQILPTLV,-1
EQIVPKPE,-1
EQLEQTKR,-1
EQLKGQGK,-1
EQLLQDPK,-1
EQQMHLNV,-1
EQQQAYRP,-1
EQTVDGRP,-1
ERPFLAIL,-1
ESCGIHET,-1
ESDYMFMA,1
ESEKWQQA,-1
ESEMEDAY,-1
ESENKIPA,-1
ESEQATEM,-1
ESFLDISR,-1
ESGELNQY,-1
ESGPSIVH,-1
ESGVINLK,-1
ESGVQHKP,-1
ESHQDADI,-1
ESHQFQPK,-1
ESLLPGIR,-1
ESLPENAS,-1
ESQVAGTP,-1
ESSSPEVK,-1
ESTGVFTT,-1
ESTPPSEE,-1
ETAAGGDG,-1
ETAFLGPK,-1
ETAGGVMT,-1
ETAKGDYP,-1
ETDLLILF,1
ETEANNHK,-1
ETEDTFIA,-1
ETEDTFMA,-1
ETGKITDF,-1
ETGVLKPG,-1
ETHGHVGA,-1
ETIGEILK,-1
ETLKPSTL,-1
ETLPTEYD,-1
ETNPADSK,-1
ETPTGYIE,-1
ETTFNSIM,-1
ETTQAMAF,-1
ETVAESAE,-1
EVAQHYQD,-1
EVDDAETL,1
EVEAIALA,1
EVELVQMV,1
EVENGGSL,-1
EVGDTQVV,-1
EVGVEHLL,-1
EVIPENTD,-1
EVISDEHG,1
EVISLGLP,-1
EVISWLDA,1
EVIYMIEP,1
EVKPLVEK,-1
EVMNSFEL,-1
EVNLLVEE,1
EVPFAPSG,-1
EVPQAQPV,-1
EVTHQFVK,-1
EVTKENLL,-1
EVTNLNDY,-1
EVVDKDSI,-1
EVVHPGDL,-1
EVVITHLA,-1
EVVTESEK,-1
EVVYMTEP,1
EWCDGCEA,-1
EWIPNNVK,-1
EYALAAVA,1
EYAQEAVK,-1
EYASPAHA,-1
EYCVQQLK,-1
EYEVVTES,-1
EYIQQLCE,-1
EYTFIQNV,1
FAAEVVHP,-1
FADTHIPG,-1
FAIQPNTT,-1
FAIYKPVT,-1
FAKPPDQK,-1
FAPVNVTT,-1
FAQTLQQS,-1
FASQEIAE,-1
FASTCPDD,-1
FATHEDAV,-1
FATHEEAV,-1
FCLSEDKK,-1
FCSEYRPK,-1
FDDHDPVD,-1
FDDHDSVD,-1
FDGALNVD,-1
FDIAVDGE,-1
FDKATYDK,-1
FDKDGDGT,-1
FDKPVSPL,-1
FDPNLSEL,-1
FDQLHEGA,-1
FDQSQIQE,-1
FEALGIAQ,-1
FEAPNQEK,-1
FEATDNQA,-1
FEDTNLCA,-1
FEGEPGNK,-1
FEIGHFFR,-1
FEIGHFLR,-1
FEIGRPLG,-1
FELIKVEG,-1
FEQEMATA,-1
FEQFLQER,-1
FESLPENA,-1
FETLKPST,-1
FEVPFAPS,-1
FFGTHETA,-1
FFIGDEAI,1
FGDFVALS,1
FGDVSKPE,-1
FGEEGLTL,-1
FGSGGGLL,-1
FGTHETAF,-1
FGVGFYSA,-1
FHHEGGVD,-1
FHSYFMEA,1
FIENNVSK,-1
FIGGLAAQ,-1
FIHGGHTA,-1
FILVGPEG,-1
FIQDPDGY,-1
FIQSIIST,-1
FISSGLSK,-1
FITDCKDP,-1
FKDDYFAK,-1
FKEEEPVK,-1
FKPPADYK,-1
FLADPSAF,-1
FLAHILSP,-1
FLAILGGA,-1
FLAPISSS,-1
FLAQTEAL,-1
FLCLPSNT,-1
FLDALIVS,1
FLDISRPK,-1
FLDLTVQQ,1
FLFCSEYR,-1
FLFRDGDI,-1
FLHELNVP,-1
FLHPEEFE,-1
FLKEPALN,-1
FLNDVGPK,-1
FLPFADDK,-1
FLQAAKDP,-1
FLQALSLA,-1
FLQDVSAS,-1
FLQLVDAG,-1
FLQSHENQ,-1
FLSDAIPG,-1
FLSDEIKE,-1
FLSTSIAQ,-1
FLTDLYPE,-1
FLTPVEEA,-1
FLTTASGV,-1
FLVGGASL,-1
FMADLVVG,1
FMAPGAGA,-1
FMEAIAPP,-1
FMYLNEVA,-1
FNCEVTNL,-1
FNIPFTGN,-1
FNKSAPEL,-1
FNSIATQG,-1
FNTDEDTK,-1
FPIPEEYT,-1
FPLTAQHE,-1
FPMTHGNT,-1
FPSEIVGK,-1
FPWGPKPF,-1
FQALLQYA,1
FQDGDLTL,-1
FQDVAQNP,-1
FQEAASLL,-1
FQLIGIQD,-1
FQNLDGVA,-1
FQSSANYA,-1
FQTLLDAG,-1
FQTNLVPY,-1
FRDGDILG,-1
FRPDNFVF,-1
FSDNAPPP,-1
FSELAEDK,-1
FSGSSHQD,-1
FSITYKPV,-1
FSKGEENL,-1
FSPDGHLF,-1
FSPHTKPW,-1
FSQFGTVE,-1
FTDVNSIL,-1
FTELAEDK,-1
FTFITDCK,-1
FTGSADIK,-1
FVDIINAK,-1
FVDWCPTG,-1
FVESDADE,-1
FVGNLNFN,-1
FVGSGVSG,-1
FVGSPVED,-1
FVGSQATD,-1
FVITKPDV,-1
FVLDEADV,-1
FVMGVNHE,-1
FVSFSEVQ,-1
FVTHEDAV,-1
FVTLAPTQ,-1
FWAPESAP,-1
FYELSEND,1
GADDIELL,1
GADFLVTE,1
GADLAALC,1
GAEAPAKK,-1
GAELVDSV,1
GAEYVVES,1
GAGFQDIP,-1
GAGGAGLR,-1
GAGGPGPG,-1
GAGLLEIK,-1
GAGNNWAK,-1
GANAYHCE,-1
GAPMHDLL,-1
GAPSVGIK,-1
GASLKPEF,-1
GAVALLIG,1
GAVASYDY,-1
GAVFGEEG,1
GCEAVLLG,1
GCINYDLV,-1
GCVAGDEE,-1
GDAIPAVE,-1
GDDLTVTN,1
GDEESYEV,-1
GDEMTSLS,1
GDEMVSLK,1
GDEYFTFI,1
GDGAEAPA,-1
GDGTITTK,-1
GDHCIIGR,-1
GDIPAAVN,-1
GDLAPINA,-1
GDLESFKK,-1
GDLTNLIH,-1
GDLVKSTL,-1
GDQELLHQ,-1
GDQQSFGI,-1
GDSDLQLE,-1
GDSSVPVW,-1
GDTQVVVF,-1
GDVAEGDL,-1
GDVSKPER,-1
GDVTAWTK,-1
GDYNINIL,-1
GDYPLEAV,-1
GEADVEFA,1
GEADVEFV,1
GEAEADGA,-1
GEAFVQFA,1
GEEDEEAL,1
GEEFEEQT,1
GEEGLTLN,-1
GEENLMDA,-1
GEFSITYK,-1
GEHGDSSV,-1
GEHTPSAL,-1
GEIDGNKV,-1
GELLYVAD,1
GELNQYSA,-1
GEPGNKVN,-1
GERPVVQR,-1
GETAKGDY,-1
GETEANNH,-1
GETEDTFI,-1
GETEDTFM,-1
GETNPADS,-1
GEVISLGL,-1
GFAFVTFD,1
GFAGLVQE,1
GFEFTLMV,1
GFGAQGPK,-1
GFGFVTFD,1
GFIENNVS,-1
GFQLVFLP,1
GFSGIESS,1
GGAPSVGI,-1
GGASLKPE,-1
GGAVFGEE,-1
GGDGAEAP,-1
GGDLTNLI,-1
GGFGAQGP,-1
GGGCALLR,-1
GGGSGGLA,-1
GGLAAQEV,-1
GGMAFHSY,-1
GGMHTVCL,-1
GGNSSPSA,-1
GGPGPGGF,-1
GGSGGLAA,-1
GGSGGLAS,-1
GGSLGSKK,-1
GGSSTPLI,-1
GGTTMYPG,-1
GGVDVGDV,-1
GGVMTALI,-1
GGVTGGWD,-1
GHELGHWK,-1
GHLLPERK,-1
GHQDQSIR,-1
GHVFEESQ,1
GHYLGEFS,1
GHYTEGAE,-1
GIDPTGTY,-1
GIDVQQVS,-1
GIEAAEML,1
GIEETILE,1
GIEQQVLR,-1
GIFTGSAD,-1
GIHETTFN,-1
GIIHDTET,-1
GIMDHEEA,-1
GIQPDGQM,-1
GISAIDGM,-1
GITESFQV,-1
GITKPAIR,-1
GKEVAAQV,-1
GKITDFIK,-1
GKPIAAVM,-1
GLAAQEVM,-1
GLAGAGNS,-1
GLCTGQIK,-1
GLDIPEVD,-1
GLDVPQVS,-1
GLESIISI,1
GLGVIACI,-1
GLLDSPAL,-1
GLNASQIR,-1
GLSQEAAR,-1
GLTAFEAT,1
GLTLGGQK,-1
GLTLNLED,-1
GLVDGQEL,-1
GMDEMAVE,-1
GMHTVCLS,-1
GMLDPAEK,-1
GMNVAGVS,-1
GMYGIENE,-1
GNACWELY,-1
GNDLYHEM,-1
GNEQFINA,-1
GNKVNLAE,-1
GNKVTLDW,-1
GNLNFNKS,-1
GNQPMEIK,-1
GNSSPSAK,-1
GNVTTCND,-1
GPDTNGSQ,-1
GPEAPLAA,-1
GPGGFGAQ,-1
GPGLSQEA,-1
GPGPGGFG,-1
GPGTSFEF,-1
GPLGECII,-1
GPNAPLIF,-1
GQAEEVVQ,-1
GQELAVAD,1
GQEYAQVI,-1
GQGEVLVY,-1
GQIFICSQ,1
GQNGISDL,-1
GQQTIIAC,-1
GQSGAGNN,-1
GRPPEHTS,-1
GSEVVDKK,-1
GSGGGLLQ,-1
GSGGLAAA,-1
GSGGLASA,-1
GSGVSGGE,-1
GSLLWAAG,-1
GSPVEDNE,-1
GSQATDFG,-1
GSQFFVTL,1
GSQNTNVD,-1
GSQQADFL,-1
GSSHQDLS,-1
GSSTPLIP,-1
GSVPAPAC,-1
GSYGSLAR,-1
GTEPTTAF,-1
GTGAGLLE,-1
GTHETAFL,-1
GTIVDDDD,-1
GTLLKPNM,-1
GTPMFVVK,-1
GTSFEFAL,-1
GTTHQTSL,-1
GTTMYPGI,-1
GTVLCELI,-1
GTVLTEHV,1
GTYHGDSD,-1
GVADLTGE,-1
GVADVSIE,-1
GVAHIIDP,-1
GVANALDN,-1
GVAPESFE,-1
GVCIDSEF,-1
GVDDLDFF,-1
GVDGFLVG,1
GVDLLADA,1
GVDQFLVK,-1
GVDVGDVD,-1
GVEELESE,1
GVFTTMEK,-1
GVGFYSAF,-1
GVHQGAGF,-1
GVIACIGE,-1
GVIAGLNV,-1
GVMTALIK,-1
GVQHKPSA,-1
GVSGGEEG,-1
GVSIPGEY,-1
GVSLVEQL,1
GVSVLPQN,-1
GVTGGWDN,-1
GVVEVENP,1
GVVIAADM,-1
GWNSFVVW,-1
GWQFVNLG,1
GWVLGEHG,1
GYDYGPHF,-1
GYEFDICF,1
GYIESLPR,-1
GYIFLEYA,1
GYPVTNAV,-1
HAHQVVVA,-1
HAITATQK,-1
HDDEVTVT,1
HDNFGIVE,-1
HDPETLLR,-1
HEDAVAAM,-1
HEEAVAAM,-1
HEEFSEHA,1
HEELMLGD,1
HEGGVDVG,-1
HEHQANLL,-1
HEIGFGSK,-1
HELNVPFF,-1
HENQEIYQ,-1
HESGELNQ,-1
HETAFLGP,-1
HETTFNSI,-1
HEVNLLVE,1
HEWCDGCE,-1
HFCEEFGK,-1
HFPMTHGN,-1
HFQGILEA,1
HFSQFGTV,-1
HGDLLECA,1
HGDSDLQL,-1
HGDSSVPV,-1
HGHVGADL,-1
HGIDPTGT,-1
HGIQPDGQ,-1
HGNTGFSG,-1
HHEGGVDV,-1
HHIYLEGT,1
HILSPWGA,-1
HIPGSPFK,-1
HIVEAEAM,1
HKPSAPQG,-1
HLFQVEYA,1
HLKNPVIA,-1
HLNLSGNK,-1
HLPSPVTA,-1
HMHAYALE,-1
HNAQNLMQ,-1
HNGIITNY,-1
HPDFEPST,-1
HPEEFEHM,-1
HPELFEAL,1
HPLSCHGW,-1
HPPSAEVE,-1
HQDADIED,-1
HQGAGFQD,-1
HQRPPSEM,-1
HSENFQTL,1
HSLVIDTL,-1
HSMDTLLA,-1
HSQAVEEL,-1
HSSLAEPR,-1
HSSVYPTQ,-1
HSVNYKPP,-1
HTECCHGD,-1
HTSQSGDE,-1
HVAAAELG,-1
HVLCNSED,-1
HVSFPLEG,-1
HYEGAVVI,1
HYLAVVLL,1
HYQDTLIR,-1
HYTEGAEL,-1
IAADMLGS,-1
IAAMNEPK,-1
IAASQSFL,-1
IAAVMNTW,-1
IACIGEKL,-1
IADLVVGL,-1
IAFGSGGG,-1
IAGLNVLR,-1
IAIGDLVK,-1
IALATLHD,-1
IALDLGGS,-1
IAMATVTA,-1
IAPPLLQE,-1
IAPVLLDA,-1
IASVADTA,-1
IATGGAVF,-1
IATQGELV,-1
IATQGHQD,-1
IAVDGEPL,-1
IAVNAVLT,1
ICAGPTAL,-1
ICDYELHE,1
ICFTSVQK,-1
ICSQEESI,-1
IDAIQPGC,-1
IDDKGILR,-1
IDEYCVQQ,-1
IDGMNSIA,-1
IDGNKVTL,-1
IDGQQTII,-1
IDGTHIAK,-1
IDLQKMPL,-1
IDNPALAD,-1
IDNSQGAY,-1
IDPTGTYH,-1
IDQLKPGG,-1
IEACDVCL,-1
IEAEHTLR,-1
IEAFLNSQ,-1
IEAHGTGT,-1
IEANSGAV,-1
IEDPSTVL,-1
IEELFLDL,1
IEENKYSR,-1
IEESAIDE,-1
IEGAGAAK,-1
IEGMKFDR,-1
IEHFSQFG,-1
IEHIQVNK,-1
IEIDFETL,1
IEILNPNK,-1
IEKPTYAT,-1
IELAYEQV,-1
IELLPEAQ,-1
IEMDGTEN,-1
IENNPTVK,-1
IENTPEEK,-1
IEPIDEYC,-1
IEPPPLDA,-1
IESFLDIS,-1
IESGVINL,-1
IESHQFQP,-1
IESSSPEV,-1
IETIGEIL,-1
IEVMNSFE,-1
IFDHEFTK,-1
IFESLPEN,-1
IFQGQSLK,-1
IFTDVNSI,-1
IFTGSADI,-1
IFWAPESA,-1
IGDLVKST,-1
IGDMAILG,1
IGEHTPSA,-1
IGEKLDER,-1
IGENGELL,-1
IGFIENNV,-1
IGGGSGGL,-1
IGGLAAQE,-1
IGHVDSGK,-1
IGKEDAVR,-1
IGPNAPLI,-1
IHDNFGIV,-1
IHETTFNS,-1
IHGGHTAK,-1
IHLPSPVT,-1
IHNGIITN,-1
IHSSLAEP,-1
IIACIESH,1
IIAGHESG,1
IIDDKGIL,-1
IIDIITHR,-1
IIDILTKR,-1
IIEACDVC,-1
IIEGMKFD,-1
IIENTPEE,-1
IIFQGQSL,-1
IIGGGSGG,-1
IIGKEDAV,-1
IIHDTETK,-1
IIHSSLAE,-1
IIIGGGSG,-1
IINEDIAK,-1
IINSSITT,-1
IINYDLPN,-1
IIPVLVGA,-1
IIQLKPDV,-1
IISAPSAD,-1
IISIIHSS,-1
IISTVEPA,-1
IIVNWVNR,-1
IKPIWQRP,-1
ILDAGAQY,-1
ILDDGGDL,-1
ILDDIGHG,-1
ILDDVDSS,-1
ILEASLEG,-1
ILEDLVFP,1
ILEGHLGV,-1
ILEGNDIE,-1
ILENANVL,-1
ILETLPTE,-1
ILFKDDYF,-1
ILGITESF,-1
ILGQNGIS,-1
ILHDDCAF,-1
ILISSEEG,1
ILLDQGQL,-1
ILLNAAWL,-1
ILNKPGLK,-1
ILPVGAAN,-1
ILPVGAES,-1
ILQAEHEL,-1
ILSAIAAM,-1
ILSMMDVD,1
ILSPWGAE,-1
ILTLLQGV,1
ILTQLHPR,-1
ILVGDLMR,-1
ILVGPEGC,-1
IMAKDDLS,-1
IMDHEEAR,-1
IMENANVL,-1
INALYPEG,-1
INEDIAKR,-1
INILFADT,1
INSSITTK,-1
INTACFEA,-1
INVCNENS,-1
INYDLPNN,-1
INYDLPTN,-1
IPFTGNVK,-1
IPGGSSTP,-1
IPVDISDS,-1
IPVLVGAL,-1
IPVQTQHP,-1
IQAMPTLI,-1
IQDGSLDL,-1
IQDGSQNT,-1
IQDGYLSL,1
IQDPDGYW,-1
IQDTSRPP,-1
IQELVEAI,1
IQGITKPA,-1
IQHETIGK,-1
IQIDLETG,1
IQLDGLNA,-1
IQLEPTFI,-1
IQLKPDVV,-1
IQLQEELA,-1
IQNVPLED,-1
IQPDGQMP,-1
IQPGCINY,-1
IQPNTTGK,-1
IQQATTVK,-1
IQSIISTV,-1
IQSSPPKD,-1
IQTGISAI,-1
IQVTPPGF,-1
IRDMLLAN,-1
ISADIETI,1
ISAIDGMN,-1
ISASASFF,-1
ISEAQAIK,-1
ISEGLHPR,-1
ISFGTTKD,-1
ISFTEVDD,-1
ISGLYQGA,1
ISIIHSSL,-1
ISLGLPFG,-1
ISLSGDHC,-1
ISMNFEVP,1
ISSSLAVV,-1
ISTVEPAQ,-1
ISVEGSSK,-1
ITDCKDPK,-1
ITEGFEAA,1
ITEMVALN,1
ITESFQVK,-1
ITFKEEEP,-1
ITHLAPGT,-1
ITIHLPSP,-1
ITIIGKED,-1
ITKLVEVG,-1
ITKPDVYK,-1
ITLASSQA,-1
ITVPAYFN,-1
IVAASNLR,-1
IVCAAYAH,-1
IVDVIDQN,-1
IVEALNGK,-1
IVEDIIDT,-1
IVEGLMTT,1
IVFAKPPD,-1
IVIHNGII,-1
IVKEVSTY,-1
IVLAKPPD,-1
IVLGGGCA,-1
IVLPMNHK,-1
IVLTTSAG,-1
IVMDPLGG,-1
IVNNLLKP,-1
IVNTNVPR,-1
IVPKPEEE,-1
IVRPDNTY,-1
IVSMDVIQ,-1
IVSRPEEL,-1
IVSTTVET,-1
IVSVDETI,-1
IVTEEAIA,-1
IVVIGHVD,-1
IVVITDGR,-1
IVVPDVSK,-1
IWLYSLAW,-1
IWNIKDEL,-1
IYDTPCIQ,-1
IYIPLPDE,-1
IYKPVTDF,-1
IYTNYEAG,1
IYVPLTDK,-1
KATYDKLC,-1
KDDLSGAD,-1
KDDYFAKK,-1
KDFAAEVV,-1
KDGDGTIT,-1
KDPSAVAK,-1
KDPSVVVR,-1
KDVESYIH,-1
KEDGQEYA,-1
KEDIIQGF,-1
KEEEPVKK,-1
KENLLDFI,-1
KEPALNEA,-1
KEQIVPKP,-1
KEVAAQVK,-1
KEVSTYIK,-1
KGDYPLEA,-1
KGEENLMD,-1
KIEKEQSK,-1
KLPNLTHL,-1
KNPVIAQK,-1
KPDVVITE,-1
KPEEEVAQ,-1
KPEFVDII,-1
KPEMIGHY,-1
KPGMVVTF,1
KPIAAVMN,-1
KPISVEGS,-1
KPIWQRPS,-1
KPNMVTPG,-1
KPPADYKP,-1
KPSAPQGG,-1
KPSFDPNL,-1
KPVSPLLL,-1
KQQQDQVD,-1
KVIVVITD,-1
KVNLAELF,-1
KVTLDWAK,-1
LAADFEIG,1
LAAEIEGA,-1
LAAGIVGN,-1
LAALGGNS,-1
LAAMQDPE,-1
LAAQEVMK,-1
LAAVPVQD,-1
LADAVAVT,-1
LADDVTLD,-1
LAEALGTL,-1
LAEDKENY,-1
LAEEKLQA,-1
LAEIVQLV,-1
LAEKDEFE,-1
LAEKLPNL,-1
LAELEQLK,-1
LAEPADFE,-1
LAEVAQHY,-1
LAEVKPLV,-1
LAFIQDPD,-1
LAGAGNSV,-1
LAHEIGFG,-1
LAHILSPW,-1
LAIFNLLN,-1
LAILGGAK,-1
LAILLGML,1
LAIVEALN,-1
LALDLGGT,-1
LALLDGSN,-1
LANKVPAA,-1
LAPISSSK,-1
LAPTQWLD,-1
LAQAVNAR,-1
LAQIAAEN,-1
LAQIIEAC,-1
LAQTEALM,-1
LASDFEIG,1
LASEISTW,-1
LASQPGVD,-1
LASSQAVS,-1
LATTLDES,-1
LAVANDEE,-1
LAVDAVIA,-1
LAVDYENV,1
LAVIPGGS,-1
LAYEQVAK,-1
LCEDIIQL,1
LCELINAL,1
LCIGENGE,-1
LCLPSNTK,-1
LCNSEDIR,-1
LCPILPAK,-1
LCSEAALQ,-1
LCYVALDF,-1
LDAGAQYG,-1
LDAGLPQK,-1
LDALTDPS,-1
LDANTLAE,-1
LDAVTQQE,-1
LDDGGDLT,-1
LDDIGHGV,-1
LDDVDSSV,-1
LDESLTNR,-1
LDGADCIM,-1
LDGLNASQ,-1
LDGLSNIL,-1
LDGNELDL,-1
LDGSNVVF,-1
LDGVANAL,-1
LDLGGSSF,-1
LDLGGTNF,-1
LDLSNGKP,-1
LDNGAQID,1
LDPAEKDE,-1
LDQGQLNK,-1
LDQPTQTV,-1
LDSLAANV,-1
LDVAPLSL,-1
LEANKIGF,-1
LEASLEGD,-1
LEASLESA,-1
LEAVQNMV,-1
LECADDRA,-1
LEDVQPHD,-1
LEFAIQPN,-1
LEFPWGPK,-1
LEGANAYH,-1
LEGEETFE,-1
LEGHLGVT,-1
LEGIFTGS,-1
LEGLDLRP,1
LEGNDIEL,-1
LEGNEQFI,-1
LEGSGLES,-1
LEGTLLKP,-1
LEHGIQPD,-1
LEHSDCAF,-1
LEIINEDI,-1
LEKDFAAE,-1
LEKIEKEQ,-1
LELFTELA,1
LELINGYI,-1
LENANVLA,-1
LENASGKP,-1
LENLPASK,-1
LEPTVIDE,-1
LEQFVSIL,-1
LEQLKGQG,-1
LESEMEDA,-1
LESENKIP,-1
LESHQDAD,-1
LESLLPGI,-1
LETAGGVM,-1
LETGKITD,-1
LETLPTEY,-1
LEYASPAH,-1
LFCSEYRP,-1
LFDKDGDG,-1
LFDQLHEG,-1
LFHHEGGV,-1
LFIYGHYK,-1
LFKDDYFA,-1
LFLTDLYP,-1
LFNIPFTG,-1
LFPLTAQH,-1
LFRDGDIL,-1
LGDQQSFG,-1
LGECIIAG,-1
LGFSEVEL,-1
LGGGCALL,-1
LGGNSSPS,-1
LGGSDTAK,-1
LGGSLMEY,-1
LGHELGHW,-1
LGIEQQVL,-1
LGITESFQ,-1
LGLVDGQE,-1
LGMLDPAE,-1
LGNVTTCN,-1
LGQAEEVV,-1
LGQNGISD,-1
LGQTDDTR,-1
LGSEVVDK,-1
LGSYGSLA,-1
LGVADLTG,-1
LGVIACIG,-1
LGWNSFVV,-1
LGYPVTNA,-1
LHDPETLL,-1
LHELNVPF,-1
LHEWCDGC,-1
LHPEEFEH,-1
LHVDLAQI,1
LIALSIDS,-1
LIDAIQPG,-1
LIFESLPE,-1
LIGPNAPL,-1
LIINYDLP,-1
LILEGNDI,-1
LILETLPT,-1
LILFKDDY,-1
LIMAKDDL,-1
LINAAIQK,-1
LINGYIQK,-1
LIPVQTQH,-1
LIQQATTV,-1
LISEAQAI,-1
LISFTEVD,-1
LIVSMDVI,-1
LIVSVDET,-1
LIVVPDVS,-1
LIWNIKDE,-1
LIYIPLPD,-1
LKDDSWLK,-1
LKEPALNE,-1
LKNPVIAQ,-1
LKPDVVIT,-1
LKPEFVDI,-1
LKPISVEG,-1
LKPNMVTP,-1
LLAALGGN,-1
LLAEPADF,-1
LLANFLAQ,1
LLANKVPA,-1
LLASGMAR,-1
LLDAGLPQ,-1
LLDALTDP,-1
LLDAVTQQ,-1
LLDGSNVV,-1
LLDQGQLN,-1
LLDSPALK,-1
LLDVAPLS,-1
LLDYEDDE,-1
LLEGSGLE,-1
LLELFNSI,1
LLENLEKI,1
LLFNIPFT,-1
LLFPLTAQ,-1
LLFVHYLA,-1
LLGGSLME,-1
LLGIEQQV,-1
LLGQTDDT,-1
LLGVADLT,-1
LLGWNSFV,-1
LLIGPNAP,-1
LLKPISVE,-1
LLKPNMVT,-1
LLLASGMA,-1
LLLFPLTA,-1
LLLGQTDD,-1
LLLSRPVL,-1
LLNAAWLK,-1
LLNLCYLD,1
LLPAQTSL,-1
LLPEAQHK,-1
LLQDSGEV,-1
LLQMITIH,1
LLSGLLDS,-1
LLSRPVLE,-1
LLSYVHIL,-1
LLVAETFA,-1
LLVDLDHQ,-1
LLVEEIHR,-1
LLWAAGQR,-1
LLWSQGQL,-1
LLYDLENL,-1
LLYRGDVV,-1
LMEYAILS,1
LMGAVVME,1
LMKDPSVV,-1
LMKEEGVK,-1
LMLQGVDL,-1
LMTQAGVE,-1
LMTTVHAI,-1
LMVVGESG,-1
LNDDDETE,-1
LNEANLSN,-1
LNFIKQSK,-1
LNFNKSAP,-1
LNGKEVAA,-1
LNGNLQLE,-1
LNGNQPME,-1
LNIINSSI,-1
LNLEDVQP,-1
LNLQDESF,-1
LNPDFKPP,-1
LNSLAEEK,-1
LNSNGFIC,-1
LNSNTQVV,-1
LPAGDALL,-1
LPAQTSLE,-1
LPCILNAR,-1
LPEDPLLS,1
LPENASHK,-1
LPFADDKR,-1
LPGAAVDL,-1
LPNLTHLN,-1
LPPTHPIR,-1
LPSPVTAQ,-1
LPTEYDSR,-1
LPVGAANF,-1
LPVGAESF,-1
LQAAKDPS,-1
LQAEHELN,-1
LQALSLAV,-1
LQANVEHL,1
LQDESFTR,-1
LQDIENAY,-1
LQDSGEVR,-1
LQDVSAST,-1
LQEELAAA,-1
LQELFLAH,1
LQELVQYP,1
LQEQLMGA,-1
LQFISSGL,-1
LQFLLDTC,-1
LQGGQLEE,-1
LQGSLLWA,-1
LQGVHQGA,-1
LQKEEAQK,-1
LQKMPLGK,-1
LQLVDAGK,-1
LQPTPQVT,-1
LQQAGDQE,-1
LQREEAEN,-1
LQSHENQE,-1
LQSQVPNI,-1
LQYADPVS,-1
LRISSLEG,-1
LSAFGDVS,-1
LSAIAAMN,-1
LSATMPSD,-1
LSCHGWVL,-1
LSDAIPGL,-1
LSDEIKEE,-1
LSDLNEVP,-1
LSDVCDVP,-1
LSEVGDTQ,-1
LSFFDHST,-1
LSGDHCII,-1
LSGETAKG,-1
LSGGTTMY,-1
LSGLLDSP,-1
LSHTVEEK,-1
LSLGLETA,1
LSLLQDSG,-1
LSLPCILN,-1
LSPSLEAR,-1
LSPWGAEV,-1
LSRPQDAL,-1
LSRPVLEG,-1
LSTSIAQL,-1
LSVPCILG,-1
LSYEVVDK,-1
LTAASEAA,-1
LTAQHENF,-1
LTDLYPER,-1
LTDPDAPS,-1
LTGDLESF,-1
LTHLNLSG,-1
LTLNLEDV,-1
LTNLIHTK,-1
LTPVEEAP,-1
LTTASGVS,-1
LTTSAGIM,-1
LTVADMER,-1
LVADKVIV,-1
LVAETFAQ,-1
LVDAGKVD,-1
LVDLDHQR,-1
LVDSVLDV,-1
LVDVIEDK,-1
LVEDKGNQ,-1
LVETPTGY,-1
LVFEAPNQ,-1
LVFLPFAD,-1
LVFPSEIV,-1
LVGALSES,-1
LVGGASLK,-1
LVGLFEDT,1
LVGPEGCG,-1
LVGVDQFL,-1
LVHDPEFD,1
LVHNAQNL,-1
LVHPDLDR,-1
LVIEHIQV,-1
LVIGGGSG,-1
LVINYDLP,-1
LVIQSSPP,-1
LVKPSFDP,-1
LVKSTLGP,-1
LVLLSYVH,-1
LVLNLQDE,-1
LVLNSLAE,-1
LVNDPQPE,-1
LVQEISFG,-1
LVQIEYAL,-1
LVQMVVDG,-1
LVSIPEDV,-1
LVSNLNPE,-1
LVSSGEGK,-1
LVSVLPEG,-1
LVTALCDI,-1
LVTEVENG,-1
LVTQQLVK,-1
LVVAPAGI,-1
LVVGLCTG,-1
LVVPIIEN,-1
LVYAPPGK,-1
LVYEQDRP,-1
LWAHTLHS,1
LWESLENA,1
LWSQGQLH,-1
LYANTVLS,1
LYDLENLP,-1
LYPEGQAP,-1
LYPWGVVE,-1
LYRGDVVP,-1
LYSLAWAG,-1
LYTLIVRP,1
LYTLVLTD,1
LYTLVTYV,1
MACCLLYR,1
MAIATGGA,-1
MAKDDLSG,-1
MAPGAGAI,-1
MASIPLPD,-1
MASLDQPT,-1
MATAASSS,-1
MATVTALR,-1
MAVEFLHE,1
MDAELEFA,1
MDPLGGSD,-1
MDQVENHE,-1
MDTLLATL,-1
MDVDHQIA,-1
MDVIQHET,-1
MEAIAPPL,-1
MECNLNEL,-1
MEISEDKT,-1
MEKQQQDQ,-1
MENANVLA,-1
MEQGETPL,-1
MESCGIHE,-1
MFDQSQIQ,-1
MFMAPGAG,-1
MFVMGVNH,-1
MGDIPAAV,-1
MGHCDSVY,-1
MHAYALEL,-1
MHLNVGLR,-1
MHTVCLSK,-1
MIEPIDEY,-1
MIFDHEFT,-1
MILNKPGL,-1
MILPVGAA,-1
MILPVGAE,-1
MKDPSVVV,-1
MLDPAEKD,-1
MLETDVHE,1
MLGDPCLK,-1
MLGQAEEV,-1
MLGSYGSL,-1
MLLANKVP,-1
MLNIINSS,-1
MMDVDHQI,-1
MNDIKPIW,-1
MNFSKGEE,-1
MNSFNTDE,-1
MNVAGVSL,-1
MNVDHEVN,-1
MNYEGSPI,-1
MPLSEEAI,1
MPSDVLEV,-1
MQDATAQM,-1
MQEFMILP,1
MSAFDPLK,-1
MSDDDGWQ,-1
MSEFMECN,1
MTEPIDEY,-1
MTHGNTGF,-1
MTQAGVEE,-1
MTTVHAIT,-1
MVDNEAIY,-1
MVTEEDKR,-1
MVTPGHAC,-1
MVVGESGL,-1
MVWEGLNV,-1
MVYPFTGD,-1
MYGIENEV,-1
MYLNEVAG,-1
MYPGIADR,-1
NAATEDLW,-1
NACWELYC,-1
NALDNVDA,-1
NALYPEGQ,-1
NAPLIFER,-1
NAQNLMQS,-1
NASGKPIA,-1
NASNNELV,-1
NATVTTCH,-1
NAVITVPA,-1
NCEVTNLN,-1
NDDDETEV,-1
NDEELNQL,-1
NDELEIIE,1
NDGATILS,-1
NDIKPIWQ,-1
NDLNFIKQ,-1
NDPQPEHP,-1
NEAIYDIC,-1
NEALYDIC,-1
NEANLSNL,-1
NEATGGKY,-1
NEEDAAEL,-1
NEELMASL,1
NEHSLVID,-1
NEILTAII,1
NELLDYED,-1
NENTFLDL,-1
NEQFINAA,-1
NESTPPSE,-1
NEVFLSLP,1
NFEDVAFD,1
NFEGEVTK,1
NFEGLLWS,1
NFNKSAPE,-1
NFSKGEEN,-1
NFVFGQSG,1
NGGSLGSK,-1
NGIITNYK,-1
NGISDLVK,-1
NGKEVAAQ,-1
NGLTLGGQ,-1
NGNLQLEL,-1
NGNQPMEI,-1
NHEFLVKP,1
NHFCEEFG,-1
NHINVELS,1
NIDGTHIA,-1
NIEVMNSF,-1
NIINSSIT,-1
NIKDELKK,-1
NILHDDCA,-1
NILHVSEN,-1
NIPFTGNV,-1
NIQGITKP,-1
NIVGLVGV,1
NKIGFEEK,-1
NKIPATQK,-1
NKSAPELK,-1
NKVNLAEL,-1
NKVPAAAR,-1
NKVTLDWA,-1
NLCAIHAK,-1
NLDGVANA,-1
NLEDVQPH,-1
NLEGEETF,-1
NLGDQQSF,-1
NLISFTEV,-1
NLLKPISV,-1
NLMDAQVK,-1
NLNFNKSA,-1
NLPGAAVD,-1
NLQDESFT,-1
NLTHLNLS,-1
NLVLFDKA,1
NMSDDDGW,-1
NMVSHTER,-1
NMVTPGHA,-1
NNATVTTC,-1
NNEFIVIH,1
NNLLKPIS,-1
NPADSKPG,-1
NPALADIY,-1
NPAPPIDA,-1
NPDFKPPA,-1
NPEHNDFL,-1
NPESGYNV,-1
NPNSTEHM,-1
NQLDQEVE,-1
NSAALIQQ,-1
NSEGGLHV,-1
NSEPASLL,-1
NSFNTDED,-1
NSIATQGE,-1
NSLAEEKL,-1
NSNGFICD,-1
NSNTQVVL,-1
NSSHAGAF,-1
NSSSSNFE,-1
NSVLLVSN,1
NSVLVIID,1
NTDEDTKK,-1
NTDVPLVL,-1
NTIPHEVQ,-1
NTIPQDEK,-1
NTIPQEDK,-1
NTLAEKDE,-1
NTNVDKPL,-1
NVAGVSLK,-1
NVCNENSL,-1
NVDHEVNL,-1
NVDLTEFQ,1
NVRPDIVL,-1
NVTNPNST,-1
NVTTCNDY,-1
NVVQLWAH,-1
NYDLPNNR,-1
NYDLPTNR,-1
NYEAGKDD,-1
NYEGSPIK,-1
NYKPPAQK,-1
NYQDTIGR,-1
PAAAAAPA,-1
PADSKPGT,-1
PADYKPPA,-1
PAGDALLQ,-1
PAGHQEEA,-1
PAHAVDAV,-1
PALNEANL,-1
PAQTSLEY,-1
PATGFIDG,-1
PAVSEKDI,-1
PAYFNDSQ,-1
PCDFLIPV,1
PCEQLVTA,1
PCHIEMIL,-1
PCILGQNG,-1
PCIQAESE,1
PDFEPSTE,-1
PDFKPPAD,-1
PDGQMPSD,-1
PDGYWIEI,1
PDIVLLGK,-1
PDNTYEVK,-1
PDSPSAQL,-1
PDTNGSQF,-1
PDVVITEK,-1
PEAPLAAG,-1
PEEEVAQK,-1
PEEFEHMK,-1
PEELREDD,1
PEEMIQTG,1
PEFVDIIN,-1
PEGQAPVK,-1
PEHNDFLK,-1
PEILAIAP,1
PELIPQLV,-1
PELLFIHG,1
PEMIGHYL,-1
PERPFLAI,-1
PESGYNVS,-1
PEVDLVIQ,1
PEVIPENT,-1
PEVMVAFQ,1
PFAPSGLK,-1
PFLAILGG,-1
PGAGAIPK,-1
PGCINYDL,-1
PGDYNINI,-1
PGEAEADG,-1
PGEYTSFL,1
PGFQLVFL,1
PGGFGAQG,-1
PGGSSTPL,-1
PGHACTQK,-1
PGLSQEAA,-1
PGNKVNLA,-1
PGPGGFGA,-1
PGPGLSQE,-1
PGTSFEFA,-1
PHMHAYAL,-1
PHTKPWIG,-1
PIAAVMNT,-1
PIDAVEQI,1
PIDEYCVQ,-1
PIDVTEGE,1
PIDYTILD,1
PIIENTPE,-1
PINAFIGG,1
PIPEEYTF,-1
PISVEGSS,-1
PIWQRPSK,-1
PKDVESYI,-1
PKPEEEVA,-1
PLAAGIVG,-1
PLDAVIEA,1
PLELDLTG,1
PLEMEQQQ,1
PLGECIIA,-1
PLGGSDTA,-1
PLLGGSLM,-1
PLLGWNSF,-1
PLLLASGM,-1
PLLSGLLD,-1
PLLVAETF,-1
PLMGVIYV,1
PLNMILDD,1
PLPMMPLS,-1
PLSCHGWV,-1
PLTAQHEN,-1
PLTMLQSQ,1
PLVLMNSF,1
PMFVMGVN,-1
PMTHGNTG,-1
PNAPLIFE,-1
PNFPSPEY,-1
PNIELSYE,1
PNLTHLNL,-1
PNMVTPGH,-1
PNSTEHMK,-1
PPADYKPP,-1
PPELLEII,1
PPKDVESY,-1
PPLLQELK,-1
PPSAEVEA,-1
PPSQPEDL,-1
PQALIDQL,1
PQALSEHL,1
PQAQPVLV,-1
PQPEHPLR,-1
PQPNFPSP,-1
PQVSLIIN,1
PQVTQEQG,-1
PSADAPMF,1
PSAFVAAA,1
PSALAILE,1
PSALAIME,1
PSAPQGGR,-1
PSDECGAG,-1
PSDVLEVT,-1
PSEELELD,1
PSEIVGKK,-1
PSFDPNLS,-1
PSPVTAQK,-1
PSQPEDLS,-1
PSVFAEVP,1
PTALLAHE,1
PTGGVGAV,-1
PTGTYHGD,-1
PTGYIESL,-1
PTPQVTQE,-1
PTQEELEA,-1
PTQTVVMH,-1
PTQWLDGK,-1
PTVFFDIA,1
PTVIDEVR,-1
PVAAATTA,-1
PVDFVTAD,1
PVDISDSD,-1
PVDYLLGV,1
PVEDNEKD,-1
PVEHPDKF,-1
PVGAANFR,-1
PVGAESFR,-1
PVLLDALT,-1
PVLVGALS,-1
PVNVTTEV,-1
PVQDLGST,-1
PVQTQHPI,-1
PVSAQHAK,-1
PVSPLLLA,-1
PVTNAVIT,-1
PVVAMVWE,1
PVVDHEFD,-1
PVVQSDMK,-1
PVWSGMNV,-1
PWGPKPFR,-1
PWIGLAEA,1
QAAKDPSA,-1
QADLYISE,1
QAEEVVQE,-1
QAEHELNL,-1
QAFQTIAR,-1
QAGDQELL,-1
QALSLAVD,-1
QAMPTLIE,-1
QAQPVLVF,-1
QASPLLQY,-1
QATDFGEA,-1
QAVEVVIT,1
QAYRPEMK,-1
QDADIEDF,-1
QDATAQMA,-1
QDGSLDLN,-1
QDGSQNTN,-1
QDIENAYK,-1
QDILDLVG,-1
QDLGSTVI,-1
QDTSRPPL,-1
QDVAQNPA,-1
QDVDLAEV,1
QDVSASTK,-1
QEAASLLG,-1
QEAFDISK,-1
QEDWLVSV,1
QEELAAAE,-1
QEEMLQRE,1
QEESIKPK,-1
QEHCSSIV,-1
QEISFGTT,-1
QELLHQAK,-1
QEMATAAS,-1
QEPIPCEQ,-1
QEQGHLLP,-1
QEVEFLST,1
QEYAQVIK,-1
QEYEVVTE,-1
QFASQEIA,-1
QFGFIVLT,1
QFGVGFYS,-1
QFISSGLS,-1
QFLLDTCK,-1
QGAGFQDI,-1
QGAGGPGP,-1
QGAYQEAF,1
QGETPLTM,-1
QGHLLPER,-1
QGHQDQSI,-1
QGITKPAI,-1
QGQLHGLK,-1
QGRPPEHT,-1
QGSLLWAA,-1
QGVHQGAG,-1
QHKPSAPQ,-1
QHYQDTLI,-1
QIAAENEE,-1
QIIEACDV,-1
QILHSEEF,-1
QILPTLVR,-1
QIVPKPEE,-1
QLALIAAS,1
QLDGLNAS,-1
QLEEVILQ,1
QLELAQVL,1
QLEPTFIK,-1
QLIDDHFL,-1
QLIGIQDG,-1
QLKPDVVI,-1
QLNGNLQL,-1
QLQEELAA,-1
QLQGGQLE,-1
QLVANVTN,1
QLVDAGKV,-1
QMAEIAVN,-1
QMAMLQFI,1
QMHLNVGL,-1
QMVVDGVK,-1
QNGISDLV,-1
QNLDGVAN,-1
QNLMQSVK,-1
QNMVSHTE,-1
QNPANMSK,-1
QNTNVDKP,-1
QNVPLEDR,-1
QPDGQMPS,-1
QPGCINYD,-1
QPNFPSPE,-1
QPTPQVTQ,-1
QPTQTVVM,-1
QQADFLDA,-1
QQAGDQEL,-1
QQAYRPEM,-1
QQELQEYE,1
QQHGGVSL,-1
QQIEHLNK,-1
QQILHSEE,-1
QQLIDDHF,-1
QQMHLNVG,-1
QQQAYRPE,-1
QQQDQVDR,-1
QQQLIDDH,-1
QQSHFPMT,-1
QQVLWNCL,-1
QQVSLVIN,1
QREEAENT,-1
QRPGPGLS,-1
QRPPSEMA,-1
QSEADADI,-1
QSFLQPGG,-1
QSGAGNNW,-1
QSHENQEI,-1
QSHFPMTH,-1
QSIISTVE,-1
QSQIQEFK,-1
QSQVPNIV,-1
QSSANYAE,-1
QSSPPKDV,-1
QTGISAID,-1
QTIDNSQG,-1
QTLLDAGL,-1
QTNLVPYP,-1
QTVDGRPC,-1
QVAGTPMF,-1
QVCNPIIS,-1
QVIQSLIA,-1
QVLAQERP,-1
QVSSLLGE,-1
QVTPPGFQ,-1
QVTQEQGH,-1
QVVLLSAT,1
QVVQVVLD,1
QYADPVSA,-1
QYFGILLD,1
QYNVVQLW,-1
QYPVEHPD,-1
QYQEPIPC,-1
RDGDILGK,-1
RDMLLANK,-1
REDDVGTG,-1
REEAENTL,-1
RISSLEGR,-1
RPDIVLLG,-1
RPDNTYEV,-1
RPFLAILG,-1
RPGPGLSQ,-1
RPPEHTSK,-1
RPPLEYVK,-1
RPPSEMAD,-1
RPQDALEG,-1
RPTGGVGA,-1
RPVLEGLR,-1
SAALIQQA,-1
SADESGQI,-1
SAFGDVSK,-1
SAGIMDHE,-1
SAGQGEVL,-1
SAIAAMNE,-1
SAIDGMNS,-1
SALILHDD,-1
SAPGPLEL,-1
SASASFFL,-1
SASFFLDK,-1
SATMPSDV,-1
SAVIHSEN,-1
SCGIHETT,-1
SDAIPGLK,-1
SDAYYCTG,1
SDDDGWQF,-1
SDECGAGV,-1
SDEIKEER,-1
SDGIMVAR,-1
SDLNEVPV,-1
SDNAPPPE,-1
SDVCDVPT,-1
SDVLEVTK,-1
SEAAEQGR,-1
SEAALQAI,-1
SEADADIL,-1
SEALLVTQ,1
SEEFLSFF,1
SEEGETEA,-1
SEFTLASD,-1
SEGGLHVD,-1
SEGLWEIE,1
SEHLKNPV,-1
SEHSMDTL,-1
SEIGAEEA,-1
SEISTWDG,-1
SEKDIQDL,-1
SEKWQQAL,-1
SELAEDKE,-1
SENDLNFI,-1
SENKIPAT,-1
SEPASLLE,-1
SEVELVQM,1
SEVGDTQV,-1
SFDPNLSE,-1
SFEFALAI,1
SFELLSHT,1
SFEYIEAH,1
SFFDHSTR,-1
SFGTTKDK,-1
SFIGAIAI,1
SFLAPISS,-1
SFLDISRP,-1
SFLGMESC,1
SFLNDVGP,-1
SFLQPGGK,-1
SFNGALAA,1
SFNTDEDT,-1
SFSEVQGM,-1
SGAGNNWA,-1
SGDHCIIG,-1
SGELNQYS,-1
SGETAKGD,-1
SGETEDTF,-1
SGGEEGAR,-1
SGGGLLQK,-1
SGGLAAAK,-1
SGGLASAR,-1
SGGTTMYP,-1
SGKPIAAV,-1
SGLLDSPA,-1
SGMDEMAV,-1
SGMNVAGV,-1
SGNVVNKK,-1
SGPSIVHR,-1
SGSLSSTS,-1
SGSSHQDL,-1
SGVCIDSE,-1
SGVQHKPS,-1
SGVSGGEE,-1
SGVSVLPQ,-1
SHENQEIY,-1
SHFPMTHG,-1
SHQDADIE,-1
SHQDLSQK,-1
SHVSFPLE,-1
SIASVADT,-1
SIATQGEL,-1
SIDSVEDH,1
SIEDSVIS,1
SIENIAFG,1
SIIHSSLA,-1
SIISTVEP,-1
SIPEDVVQ,-1
SITYKPVK,-1
SIVMITKL,1
SKGEENLM,-1
SLAEEKLQ,-1
SLDLFNCE,1
SLDQPTQT,-1
SLEDLIFE,1
SLEGDSGR,-1
SLELFMYL,1
SLEYALLD,1
SLFDKDGD,-1
SLFLTDLY,-1
SLGLPFGK,-1
SLIALVND,1
SLIYTNYE,1
SLKDYCTR,-1
SLKPEFVD,-1
SLLQDSGE,-1
SLLWAAGQ,-1
SLPCILNA,-1
SLPENASH,-1
SLSDLNEV,-1
SLSEYVSR,-1
SLSGDHCI,-1
SLVFPLLV,1
SLVIDTLK,-1
SMDTLLAT,-1
SMDVIQHE,-1
SMMDVDHQ,-1
SMSAFDPL,-1
SNGFICDY,-1
SNIDGTHI,-1
SNSAALIQ,-1
SNSSSSNF,-1
SNVFAMFD,1
SPAHAVDA,-1
SPCHIEMI,-1
SPDGHLFQ,-1
SPEYMIFD,1
SPHTKPWI,-1
SPLLLASG,-1
SPLLQYFG,-1
SPPKDVES,-1
SPSAQLAL,-1
SPVEDNEK,-1
SPWGAEVK,-1
SQATDFGE,-1
SQAVSNAR,-1
SQEESIKP,-1
SQFGTVEK,-1
SQGQLHGL,-1
SQNTNVDK,-1
SQPEDLSL,-1
SQPGVDGF,-1
SQQADFLD,-1
SQSFLQPG,-1
SQVAGTPM,-1
SQVPNIVK,-1
SRPPLEYV,-1
SRPQDALE,-1
SRPVLEGL,-1
SSAMLESL,1
SSANYAEN,-1
SSAPGPLE,-1
SSGNVVNK,-1
SSGSLSST,-1
SSHQDLSQ,-1
SSLLGEED,-1
SSPCHIEM,-1
SSPPKDVE,-1
SSQAVSNA,-1
SSSGSLSS,-1
SSSLAVVD,-1
SSSRSASR,-1
SSSSNFEG,-1
SSSSRSAS,-1
SSSSSRSA,-1
SSTPLIPK,-1
SSTSSWYS,1
SSVPVWSG,-1
SSVYPTQE,-1
SSYFVEWI,1
STAISLFY,-1
STCPDDEE,-1
STESLQFL,1
STGVFTTM,-1
STSIAQLK,-1
STTVETKE,-1
STVEPAQR,-1
SVAAMVYP,1
SVADTAEE,-1
SVDETIKN,-1
SVISLSGD,-1
SVLDVVRK,-1
SVLPEGSR,-1
SVLRISSL,-1
SVNYKPPA,-1
SVPAPACA,-1
SVPCILGQ,-1
SVPVWSGM,-1
SVYPTQEE,-1
SWEGAFQH,1
SWYSSSSS,-1
SYDYLVIG,1
SYEVVDKD,-1
SYSMIVNN,1
TAAGGDGA,-1
TAAPAAAA,-1
TAASEAAC,-1
TAASSSSL,-1
TADKFDEN,-1
TADNLVLN,1
TADSQPPV,-1
TAFLHPEE,-1
TAGGVMTA,-1
TAIIQGMR,-1
TAISLFYE,-1
TAKGDYPL,-1
TAQHENFR,-1
TASGVSVL,-1
TAVHDAIL,-1
TDEDTIID,1
TDFGEALV,-1
TDPDAPSR,-1
TDQVIQSL,-1
TDVNSILR,-1
TEANNHKK,-1
TECCHGDL,-1
TEDKINAL,-1
TEDTFIAD,-1
TEDTFMAD,-1
TEEEYEDS,1
TEFQTNLV,-1
TEGAELVD,-1
TEGEVISL,-1
TEHAHQVV,-1
TEHVAAAE,-1
TEIRDMLL,-1
TEKEQIVP,-1
TELAEDKE,-1
TELPPTHP,-1
TEPIDEYC,-1
TEPTTAFN,-1
TESFQVKR,-1
TEVENGGS,-1
TEVLKEDI,1
TFAPVNVT,-1
TFDDHDPV,-1
TFDDHDSV,-1
TFEAAILT,1
TFEAAMLG,1
TFIADLVV,1
TFITDCKD,-1
TFKEEEPV,-1
TGAGLLEI,-1
TGDLESFK,-1
TGDVTAWT,-1
TGETGIEE,-1
TGFIDGDL,-1
TGGAVFGE,-1
TGGKYVPR,-1
TGGMAFHS,-1
TGGVGAVA,-1
TGIFLDLM,1
TGISAIDG,-1
TGIVQGLK,-1
TGKITDFI,-1
TGTYHGDS,-1
TGVFTTME,-1
TGVLKPGM,-1
TGYIESLP,-1
THEDAVAA,-1
THEEAVAA,-1
THETAFLG,-1
THGHVGAD,-1
THGNTGFS,-1
THINIVVI,1
THIPGSPF,-1
THLAPGTK,-1
THLNLSGN,-1
THQTSLEL,-1
TIDNSQGA,-1
TIGEILKK,-1
TIHLPSPV,-1
TIIDIITH,-1
TIIDILTK,-1
TIIGKEDA,-1
TIIGSFNG,-1
TIIPVLVG,-1
TILDDIGH,-1
TILEGHLG,-1
TIPHEVQK,-1
TIQQCCEN,-1
TISSSLAV,-1
TIVDDDDY,-1
TKENLLDF,-1
TKLVEVGR,-1
TKPSDEEM,-1
TLADDVTL,-1
TLAEKDEF,-1
TLAPTQWL,-1
TLASSQAV,-1
TLDDLIMA,1
TLDESLTN,-1
TLDWAKPK,-1
TLEHSDCA,-1
TLGSEVVD,-1
TLIELMKD,1
TLINSLFL,1
TLIVVPDV,-1
TLKPSTLR,-1
TLLATLKK,-1
TLLDAGLP,-1
TLLEGSGL,-1
TLLKPNMV,-1
TLMVVGES,-1
TLNDELEI,-1
TLNLEDVQ,-1
TLPDTLQG,1
TLPTEYDS,-1
TLQGSLLW,-1
TMPSDVLE,-1
TMYPGIAD,-1
TNAVITVP,-1
TNDGATIL,-1
TNGIYPHK,-1
TNLCAIHA,-1
TNLVPYPR,-1
TNPADSKP,-1
TNPNSTEH,-1
TNTIPHEV,-1
TNTIPQDE,-1
TNTIPQED,-1
TNVDKPLR,-1
TNYEAGKD,-1
TPDMMEEM,1
TPGHACTQ,-1
TPQTVLFK,-1
TPQVTQEQ,-1
TPTGYIES,-1
TPVEEAPK,-1
TQAMAFDG,-1
TQEELEAV,1
TQEQGHLL,-1
TQGHQDQS,-1
TQSEADAD,-1
TQTVVMHR,-1
TQVMAASM,1
TSAGIMDH,-1
TSASGDEM,-1
TSAVIHSE,-1
TSAYLQDI,1
TSEIGAEE,-1
TSFLAPIS,-1
TSIASVAD,-1
TSLSEYVS,-1
TSQSGDEM,-1
TSRPPLEY,-1
TTAAPAAA,-1
TTASGVSV,-1
TTFNSIMK,-1
TTHQTSLE,-1
TTLDESLT,-1
TTLEHSDC,-1
TTMYPGIA,-1
TTPQTVLF,-1
TTQAMAFD,-1
TTSAGIMD,-1
TTSAVIHS,-1
TTVETKEP,-1
TTVHAITA,-1
TVAESAEE,-1
TVDGRPCK,-1
TVELLVED,1
TVETKEPE,-1
TVFACLMG,-1
TVGCVAGD,-1
TVHAITAT,-1
TVLCELIN,-1
TVLSGGTT,-1
TVPAYFND,-1
TVQQIEHL,-1
TVTEDKIN,-1
TVTNDGAT,-1
TVTTCHSK,-1
TWDGVIVT,1
TYHGDSDL,-1
TYVPVTTF,-1
VAAAELGA,-1
VAAAPVAA,-1
VAAATTAA,-1
VADKVIVT,-1
VADLTGEL,-1
VADTAEEK,-1
VADTNNHQ,-1
VADVSIED,-1
VADVTTPQ,-1
VAECFDEI,-1
VAESAEEE,-1
VAETFAQK,-1
VAFQDVAQ,-1
VAGDEESY,-1
VAGGAPSV,-1
VAGTPMFV,-1
VAHIIDPK,-1
VAINMVTE,1
VALAQAVN,-1
VALDFEQE,1
VALINAAI,-1
VALMKEEG,-1
VALNPDFK,-1
VALSDVCD,-1
VALVHPDL,-1
VANALDNV,-1
VANDEELN,-1
VAPAGITL,-1
VAPESFEY,-1
VAQHYQDT,-1
VAQNPANM,-1
VAQQVLWN,-1
VASYLLAA,1
VAVTMGPK,-1
VCAAYAHE,-1
VCDVPTAK,-1
VCIESEHS,1
VCNENSLF,-1
VCNPIISG,-1
VDAGKVDD,-1
VDAVIAEL,-1
VDDLDFFI,-1
VDEATIID,1
VDETIKNP,-1
VDFLSDEI,-1
VDGEPLGR,-1
VDGFLVGG,1
VDIINAKQ,-1
VDISDSDM,-1
VDLEPTVI,-1
VDNEAIYD,-1
VDPLDGTK,-1
VDSVLDVV,-1
VDVFREDL,1
VDVGDVDA,-1
VDVIDQNR,-1
VDVIEDKL,-1
VDVLVSSG,-1
VDWCPTGF,-1
VEAANYQD,-1
VEAGDVIY,-1
VEAIVLPM,-1
VEALNGKE,-1
VEDHLAWS,-1
VEDIIDTG,-1
VEDKGNQV,-1
VEDNEKDL,-1
VEDPAGHQ,-1
VEEGIVLG,1
VEELAEQL,1
VEFATHED,-1
VEFATHEE,-1
VEFVTHED,-1
VEGVAHII,-1
VEHPDKFL,-1
VELCPILP,-1
VELNGNQP,-1
VELQKEEA,-1
VELSLLGK,-1
VENGGSLG,-1
VENPEHND,-1
VEQAFQTI,-1
VEQILPTL,-1
VEQLLQDP,-1
VESDADEE,-1
VESTGVFT,-1
VETAAGGD,-1
VETGVLKP,-1
VETKEPEK,-1
VETPTGYI,-1
VEVVITHL,-1
VEWIPNNV,-1
VEYAQEAV,-1
VFACLMGK,-1
VFAKPPDQ,-1
VFALTNGI,1
VFEAPNQE,-1
VFGEEGLT,-1
VFIFWAPE,1
VFLPFADD,-1
VFPSEIVG,-1
VFSPDGHL,-1
VFVLDEAD,-1
VGAGGAGL,-1
VGALSESK,-1
VGAPMHDL,-1
VGCVAGDE,-1
VGDAIPAV,-1
VGDTQVVV,-1
VGESGLGK,-1
VGGASLKP,-1
VGIYEVTH,1
VGLCTGQI,-1
VGNLNFNK,-1
VGPEAPLA,-1
VGPEGCGK,-1
VGSGVSGG,-1
VGSPVEDN,-1
VGSQATDF,-1
VGTGAGLL,-1
VGVDQFLV,-1
VGVEHLLR,-1
VGVYEALK,1
VHAITATQ,-1
VHDAILED,-1
VHILASVL,1
VHNAQNLM,-1
VHQGAGFQ,-1
VHTECCHG,-1
VHVLCNSE,-1
VIAADMLG,-1
VIACIGEK,-1
VIAGLNVL,-1
VIEAEHTL,-1
VIEHIQVN,-1
VIFTDVNS,-1
VIGGGSGG,-1
VIGHVDSG,-1
VIHNGIIT,-1
VIIDVKPK,-1
VIISAPSA,-1
VILDAGAQ,-1
VILDDVDS,-1
VILQAEHE,-1
VINYDLPT,-1
VIPGGSST,-1
VIQAMPTL,-1
VIQHETIG,-1
VIQSSPPK,-1
VISASASF,-1
VISLGLPF,-1
VISLSGDH,-1
VITHLAPG,-1
VITKPDVY,-1
VITVPAYF,-1
VIVTEEAI,-1
VIVTPSEK,-1
VIVVITDG,-1
VIYVPLTD,-1
VKEVSTYI,-1
VKPSFDPN,-1
VKSTLGPK,-1
VLAEVAQH,-1
VLAIFNLL,-1
VLAKPPDK,-1
VLAQERPK,-1
VLCNSEDI,-1
VLDEADVM,-1
VLDGADCI,-1
VLDGLSNI,-1
VLDQVEAR,-1
VLEQVVTS,1
VLFHHEGG,-1
VLGFLEAN,1
VLGGGCAL,-1
VLGHELGH,-1
VLHDPETL,-1
VLISEAQA,-1
VLLDALTD,-1
VLLGIEQQ,-1
VLLSYVHI,-1
VLNLQDES,-1
VLNSLAEE,-1
VLQPTPQV,-1
VLRISSLE,-1
VLSGGTTM,-1
VLSPSLEA,-1
VLTDPDAP,-1
VLTTSAGI,-1
VLTVADME,-1
VLVGALSE,-1
VLVSSGEG,-1
VLVYVEDP,1
VMDPLGGS,-1
VMEKPNIR,-1
VMGVNHEK,-1
VNDFLAEI,1
VNDPQPEH,-1
VNDTIQID,-1
VNGLTLGG,-1
VNHFCEEF,-1
VNLAELFK,-1
VNLGDQQS,-1
VNLPGAAV,-1
VNNLLKPI,-1
VNPESGYN,-1
VNVTTEVK,-1
VNYKPPAQ,-1
VPAPACAL,-1
VPAYFNDS,-1
VPCGNIVG,-1
VPCILGQN,-1
VPFAPSGL,-1
VPIIENTP,-1
VPKPEEEV,-1
VPLTDKEK,-1
VPQAQPVL,-1
VPVQDLGS,-1
VPVWSGMN,-1
VQDLGSTV,-1
VQEISFGT,-1
VQFASQEI,-1
VQFVDMVK,-1
VQGMVELN,1
VQHKPSAP,-1
VQMVVDGV,-1
VQNMVSHT,-1
VQPHDLGK,-1
VQQHGGVS,-1
VQQIEHLN,-1
VQRPGPGL,-1
VQTQHPIR,-1
VQYPVEHP,-1
VRPDIVLL,-1
VRPDNTYE,-1
VSEDFLQD,1
VSEFYEET,1
VSEKDIQD,-1
VSENVIFT,1
VSFPLEGL,-1
VSFSEVQG,-1
VSGGEEGA,-1
VSILMASI,1
VSIPEDVV,-1
VSLKDYCT,-1
VSMDVIQH,-1
VSNIDGTH,-1
VSNLNPER,-1
VSNSAALI,-1
VSPLLLAS,-1
VSSLLGEE,-1
VSTTVETK,-1
VSVDETIK,-1
VSVLPEGS,-1
VSVLPQNR,-1
VTADKFDE,-1
VTALCDIK,-1
VTDFFLQL,1
VTEDKINA,-1
VTEEAIAK,-1
VTEVENGG,-1
VTFAPVNV,-1
VTFDDHDP,-1
VTFDDHDS,-1
VTGGWDNL,-1
VTHEDAVA,-1
VTKENLLD,-1
VTLAPTQW,-1
VTLDWAKP,-1
VTNAVITV,-1
VTNDGATI,-1
VTNLNDYR,-1
VTNPNSTE,-1
VTNTIPHE,-1
VTNTIPQD,-1
VTNTIPQE,-1
VTPGHACT,-1
VTPPGFQL,-1
VTQEQGHL,-1
VTSEIGAE,-1
VTSIASVA,-1
VTTPQTVL,-1
VTVTEDKI,-1
VTYVPVTT,-1
VVAPAGIT,-1
VVDHEFDA,-1
VVDKDSIR,-1
VVESTGVF,-1
VVGAGGAG,-1
VVGESGLG,-1
VVGLCTGQ,-1
VVGPEAPL,-1
VVHPGDLK,-1
VVIAADML,-1
VVIGHVDS,-1
VVILDAGA,-1
VVITHLAP,-1
VVLDGLSN,-1
VVLGHSER,-1
VVLSPSLE,-1
VVMEKPNI,-1
VVPIIENT,-1
VVTESEKR,-1
VVTFAPVN,-1
VVTNTIPH,-1
VVTNTIPQ,-1
VVTSIASV,-1
VVVGAGGA,-1
VVVGPEAP,-1
VVVTNTIP,-1
VVWVDPLD,-1
VVYNASNN,-1
VWEGLNVV,-1
VWSGMNVA,-1
VWVDPLDG,-1
VYADASLV,-1
VYAPPGKE,-1
VYEQDRPL,-1
VYNASNNE,-1
VYPFTGDH,-1
VYPTQEEL,-1
WAPESAPL,-1
WARPPISM,-1
WASFLNDV,-1
WDNLLAVI,1
WEDMEDLV,-1
WEGLNVVK,-1
WEIENNPT,-1
WGDAGAEY,-1
WIEILNPN,-1
WLDANTLA,-1
WLYSLAWA,-1
WNCLIEDP,1
WNIKDELK,-1
WNNATVTT,-1
WNSFVVWK,-1
WPELIPQL,-1
WPQEAGEY,-1
WQEHCSSI,-1
WQPDTEEE,-1
WSADESGQ,-1
WSGMNVAG,-1
WSQGQLHG,-1
WVDPLDGT,-1
WYSSSSSR,-1
YADASLVF,-1
YADPVSAQ,-1
YAENFIQS,1
YAPPGKEK,-1
YAQEAVKK,-1
YASPAHAV,-1
YCIDNEAL,1
YCLEHGIQ,-1
YCTGDVTA,-1
YDDMLVVP,1
YDLENLPA,-1
YDYGPHFQ,-1
YEAGKDDY,-1
YEDSSGNV,-1
YEFLTPVE,-1
YEIDLQKM,-1
YENVRPDI,-1
YEQDRPLK,-1
YEVVDKDS,-1
YEVVTESE,-1
YFEYIEEN,1
YFPIPEEY,-1
YGIENEVF,-1
YHEMIESG,1
YHGDSDLQ,-1
YHTSQSGD,-1
YIPLPDEK,-1
YIQQLCED,-1
YISEGLHP,-1
YISLIYTN,-1
YLNEVAGK,-1
YLSLLQDS,-1
YNASNNEL,-1
YNEATGGK,-1
YNTDVPLV,-1
YNVSLLYD,1
YNVVQLWA,-1
YPEGQAPV,-1
YPFTGDHK,-1
YPTQEELE,-1
YPVEHPDK,-1
YPVTNAVI,-1
YPVVDHEF,-1
YQEPIPCE,-1
YQGAGGPG,-1
YQSNTILR,-1
YRGDVVPK,-1
YSAFLVAD,1
YSALILHD,-1
YSSSSSRS,-1
YTEGAELV,1
YTGIVQGL,-1
YTSASGDE,-1
YVADTNNH,-1
YVNGLTLG,-1
YVPLTDKE,-1
YVPVTTFK,-1
YVQQHGGV,-1
YVSNIDGT,-1
YWPQEAGE,-1
YYTSASGD,-1
AAAKFERQ,-1
AAAMKRHG,-1
AAAMSSAI,-1
AAKFERQH,-1
AAKFESNF,-1
AAMKRHGL,-1
AASSSNYC,-1
AAVLAEAM,1
ACEGNPYV,-1
ACKNGQTN,-1
ADVQAVCS,-1
AEAMSQVT,1
AECFRIFD,1
AEELAEIF,1
AETFYTDG,1
AETFYVDG,1
AETFYVDK,1
AFVLAEAM,1
AGVLAEAM,1
AKFERQHM,-1
AKFESNFN,-1
AKKIVSDG,-1
AKVLAEAM,1
AKVLVVQP,1
ALLSSDIT,-1
ALTNAVLV,-1
AMKRHGLD,-1
AMVNQALV,-1
ANKHIIVA,-1
AQNYPIVL,1
AQNYPIVQ,1
AQTFYVNL,1
AQVLAEAM,1
ARALAEAM,1
ARGLAEAM,1
ARILAEAM,1
ARLMAEAL,1
ARNLAEAM,-1
ARNLFEAL,1
ARNLFIAL,1
ARNLFQAL,1
ARNLFVAL,1
ARNYPEAL,1
ARNYPIVL,1
ARRLAEAM,1
ARSLAEAM,-1
ARVAAEAM,1
ARVFAEAM,1
ARVIAEAM,1
ARVLAAAM,-1
ARVLADAM,-1
ARVLAEAA,1
ARVLAEAE,1
ARVLAEAG,1
ARVLAEAK,1
ARVLAEAM,1
ARVLAEAP,1
ARVLAEAR,1
ARVLAEDM,-1
ARVLAEEM,1
ARVLAEFM,1
ARVLAEGM,1
ARVLAERM,1
ARVLAESM,1
ARVLAGAM,-1
ARVLALAM,1
ARVLANAM,-1
ARVLAQAM,-1
ARVLAVAM,1
ARVLFAAL,1
ARVLFDAL,1
ARVLFEAL,1
ARVLFEAM,1
ARVLFIAL,1
ARVLFNAL,1
ARVLFQAL,1
ARVLFTAL,1
ARVLFVAL,1
ARVLGEAM,1
ARVLIEAM,1
ARVLLEAM,1
ARVLMEAM,1
ARVLNEAM,1
ARVLVEAM,1
ARVMAEAM,1
ARVNAEAM,1
ARVVAEAM,-1
ARVYAEAM,1
ARVYPEAL,1
ASILPVIP,-1
ASSSNYCN,-1
ASVNCAKK,-1
ATAMMATA,1
ATIMMITA,1
ATIMMQRG,1
ATIYYITA,1
ATNRNTDG,-1
ATVLAEAM,1
ATVLTVAL,1
AVCSQKNV,-1
AWIRGCRL,-1
AWRNRCKG,-1
AWVAWRNR,-1
AYKTTQAN,-1
CAAKFESN,-1
CAKKIVSD,-1
CAYKTTQA,-1
CEGNPYVP,-1
CELAAAMK,-1
CKGTDVQA,-1
CKNGQTNC,-1
CKPVNTFV,-1
CNDGRTPG,-1
CNIPCSAL,-1
CNQMMKSR,-1
CRETGSSK,-1
CSALLSSD,-1
CSQKNVAC,-1
CYQSYSTM,-1
DAINTEFK,1
DCRETGSS,-1
DDLFFEAD,1
DGNGMNAW,-1
DGRTPGSR,-1
DGSTDYGI,-1
DITASVNC,-1
DKVLVVQP,1
DLVLLSAE,1
DNYRGYSL,-1
DQILIEIC,1
DQNYPIVQ,1
DRCKPVNT,-1
DSADAEED,1
DSSTSAAS,-1
DTVLEEMS,1
DVQAVCSQ,-1
DVQAWIRG,-1
DYGILQIN,-1
EEIMLAYQ,1
EGNPYVPV,-1
EKVYLAWV,1
ELAAAMKR,-1
ELEFPEGG,1
ELELAENR,1
ELILPVKR,1
ERQHMDSS,-1
ERVLAEAM,1
ESLADVQA,-1
ESNFNTQA,-1
ETAAAKFE,-1
ETGSSKYP,-1
ETTALVCD,1
FAVSLAMT,1
FERQHMDS,-1
FESNFNTQ,-1
FGRCELAA,-1
FHVNGLVK,-1
FNTQATNR,-1
FQAYPLRE,1
FQVNGLVK,-1
FRSGVETT,1
FSVNGLVK,-1
FVHESLAD,-1
FVNNGLVK,-1
FVVNGLVK,-1
GALTNAVL,-1
GAMVNQAL,-1
GAVSLAMT,1
GAVWLAMT,1
GDALLERN,1
GDAYFSVP,1
GEMFFPVL,1
GFAMAEAL,1
GFIGVSYL,1
GGNYPVQH,1
GGRINVAL,-1
GGVYATRS,1
GILQINSR,-1
GKVLVVQP,1
GLAAPQFS,1
GLDNYRGY,-1
GLNMPALV,1
GLTMVQEL,1
GLTMVTQL,-1
GLVAFANL,1
GLVLQEGL,1
GMNAWVAW,-1
GNGMNAWV,-1
GNPYVPVH,-1
GNWVCAAK,-1
GQANFLGK,1
GQDFPMYL,1
GQNYPIVQ,1
GQTNCYQS,-1
GQVNFLGK,1
GQVNYEEF,1
GRCELAAA,-1
GRINVALV,-1
GRTPGSRN,-1
GSGALTNA,-1
GSGAMVNQ,-1
GSGGRINV,-1
GSGLTMVT,-1
GSGTWMVH,-1
GSGVYQLS,-1
GSHLVEAL,1
GSRNLCNI,-1
GSSKYPNC,-1
GSTDYGIL,-1
GTDVQAWI,-1
GTWMVHSL,-1
GVALSALV,-1
GVFSVNGL,-1
GVFVNNGL,-1
GVNVVNGK,-1
GVQVVNGK,-1
GVYQLSAL,-1
GWILAEHG,1
GWILGEHG,1
GWVMTEAL,1
GYSLGNWV,-1
HAVSLAMT,1
HESLADVQ,-1
HGLDNYRG,-1
HIIVACEG,-1
HLVEALYL,1
HMDSSTSA,-1
HYGFPTYG,1
IIVACEGN,-1
ILQINSRW,-1
INSRWWCN,-1
INVALVPK,-1
IPCSALLS,-1
ITASVNCA,-1
ITDCRETG,-1
IVACEGNP,-1
IVSDGNGM,-1
KDIFPVTE,1
KDRCKPVN,-1
KELYPLTS,1
KETAAAKF,-1
KFERQHMD,-1
KFESNFNT,-1
KGSGALTN,-1
KGSGAMVN,-1
KGSGGRIN,-1
KGSGLTMV,-1
KGSGTWMV,-1
KGSGVYQL,-1
KGTDVQAW,-1
KHIIVACE,-1
KIVSDGNG,-1
KKIVSDGN,-1
KKLVVQPK,-1
KLVLAQLS,1
KMMLLAKA,1
KNGQTNCY,-1
KNVACKNG,-1
KPVNTFVH,-1
KQNYPIVQ,1
KQTFPIQQ,-1
KRHGLDNY,-1
KSGVFSVN,-1
KSGVFVNN,-1
KSGVNVVN,-1
KSGVQVVN,-1
KSRNLTKD,-1
KSRVNVVN,-1
KSRVQVVN,-1
KTKKLVVQ,-1
KTKVKVVQ,-1
KTKVLKVQ,-1
KTTQANKH,-1
KVFGRCEL,-1
KVKVVQPK,-1
KVLKVQPK,-1
KYPNCAYK,-1
LAAAMKRH,-1
LADVQAVC,-1
LAVSLAMT,1
LCNIPCSA,-1
LDNYRGYS,-1
LECLLSIP,1
LEVNIVTD,1
LGNWVCAA,-1
LKVLVVQP,1
LLSSDITA,-1
LPVNGEFS,1
LQINSRWW,-1
LQNYPIVQ,1
LQVLTLNI,-1
LSSDITAS,-1
LTKDRCKP,-1
LTMVTQLV,-1
LTNAVLVP,-1
LWMGYELH,1
MDSSTSAA,-1
MKRHGLDN,-1
MKSRNLTK,-1
MMKSRNLT,-1
MNAWVAWR,-1
MQNYPIVQ,1
MRVLAEAM,1
MSITDCRE,-1
MVHSLVPK,-1
MVNQALVP,-1
MVTQLVPK,-1
NAVSLAMT,1
NAWVAWRN,-1
NCAKKIVS,-1
NCAYKTTQ,-1
NCYQSYST,-1
NDGRTPGS,-1
NFNTQATN,-1
NGMNAWVA,-1
NGQTNCYQ,-1
NIPCSALL,-1
NKHIIVAC,-1
NLCNIPCS,-1
NLTKDRCK,-1
NPYVPVHF,-1
NQMMKSRN,-1
NQNYPIVQ,1
NRCKGTDV,-1
NRNTDGST,-1
NSRWWCND,-1
NSVMIALV,1
NTDGSTDY,-1
NTFVHESL,-1
NTQATNRN,-1
NVACKNGQ,-1
NWVCAAKF,-1
NYCNQMMK,-1
NYRGYSLG,-1
PAASFAMT,1
PAASLAMT,1
PAAWLAMT,1
PAGSFAMT,1
PAGSLAMT,1
PAGWLAMT,1
PAHSFAMT,1
PAHSLAMT,1
PAILPIIS,1
PAILVHTP,-1
PALSFAMT,1
PALSLAMT,1
PALWLAMT,1
PASSLAMT,1
PASWLAMT,1
PAVALAMT,1
PAVELAMT,1
PAVGLAMT,1
PAVHLAMT,1
PAVIFAMT,1
PAVILAMT,1
PAVLAAMT,1
PAVLFAMT,1
PAVLGAMT,1
PAVLLAMT,1
PAVRLAMT,1
PAVSAAMT,1
PAVSEAMT,1
PAVSFAMT,1
PAVSGAMT,1
PAVSLALT,1
PAVSLAMT,1
PAVSLANT,1
PAVSLAYT,1
PAVSLGMT,1
PAVSLHMT,1
PAVSLLMT,1
PAVSLSMT,1
PAVSQAMT,1
PAVSRAMT,1
PAVSVAMT,1
PAVVLAMT,1
PAVWAAMT,1
PAVWFAMT,1
PAVWGAMT,1
PAVWLAMT,1
PAVWVAMT,1
PAWSLAMT,1
PCSALLSS,-1
PDVSLAMT,1
PFAAAQQR,1
PFIFEEEP,1
PFVSLAMT,1
PGLSLAMT,1
PGNFFQSR,1
PGNFLQSR,1
PGNFPQSR,1
PGNFVQSR,1
PGNLLQSR,1
PGNYLQSR,1
PGSRNLCN,-1
PGVSLAMT,1
PGVWLAMT,1
PHVSLAMT,1
PHVWLAMT,1
PIVGAETF,1
PKVLVVQP,1
PLIMAVVN,1
PMVGVLDA,1
PNCAYKTT,-1
PNVSLAMT,1
PPVSLAMT,1
PQNFLQSR,1
PQNYPIVQ,1
PQVLPVMH,1
PRASLAMT,1
PRGSLAMT,1
PRHSLAMT,1
PRLSLAMT,1
PRNFLQSR,1
PRNFPVAQ,1
PRVALAMT,1
PRVGLAMT,1
PRVLAEAM,1
PRVLLAMT,1
PRVSLAMT,1
PRVWLAMT,1
PSVSLAMT,1
PSVWLAMT,1
PTLLTEAP,1
PTVSLAMT,1
PTVWLAMT,1
PVHFDASV,-1
PVILPIQA,1
PVNTFVHE,-1
PYVGSGLY,-1
PYVPVHFD,-1
QAIYLALQ,1
QANFLGKI,-1
QANKHIIV,-1
QATNRNTD,-1
QAVCSQKN,-1
QAWIRGCR,-1
QGNFLQSR,1
QHMDSSTS,-1
QINSRWWC,-1
QITLPKRP,1
QITLWQRP,1
QKNVACKN,-1
QLSALVPK,-1
QMIFEEHG,1
QMMKSRNL,-1
QSYSTMSI,-1
QTNCYQSY,-1
RCELAAAM,-1
RCKGTDVQ,-1
RCKPVNTF,-1
REAFRVFD,1
RETGSSKY,-1
RGYSLGNW,-1
RHGLDNYR,-1
RINVALVP,-1
RKILFLDG,1
RKVLFLDG,1
RNLCNIPC,-1
RNLTKDRC,-1
RNRCKGTD,-1
RNTDGSTD,-1
RQANFLGK,1
RQHMDSST,-1
RQNYPIAL,1
RQNYPIVQ,1
RQVLFLEK,1
RQVNFLGK,1
RRANFLGK,1
RRVLAEAM,1
RRVNFLGK,1
RTPGSRNL,-1
RVNVVNGK,-1
RVQVVNGK,-1
RWWCNDGR,-1
SAASSSNY,-1
SALLSSDI,-1
SCNFPQIT,1
SDAYYADS,1
SDAYYTDS,1
SDCYYCDS,1
SDCYYTDS,1
SDEYYEDS,1
SDEYYTDS,1
SDGNGMNA,-1
SDGYYTDS,1
SDITASVN,-1
SDIYYTDS,1
SDLYYTDS,1
SDNYPIVQ,1
SDTYYADS,1
SDTYYCDS,1
SDTYYEDS,1
SDTYYGDS,1
SDTYYIDS,1
SDTYYLDS,1
SDTYYTDQ,1
SDTYYTDS,1
SDTYYTFS,1
SDTYYTGS,1
SDTYYTLS,1
SDTYYTQS,1
SEEYPIMI,1
SFIGMESA,1
SFNFGQIT,1
SFNFLQIT,1
SFNFPLIT,1
SFNFPPIT,1
SFNFPQDT,1
SFNFPQII,1
SFNFPQIT,1
SFNFPQVT,1
SFNSPQIT,1
SFNYPQIT,1
SFTFPQIT,1
SFTYYTDS,1
SFVFVVNG,1
SFYFPQIT,1
SGAFMTRG,1
SGALTNAV,-1
SGAMVNQA,-1
SGAYLIQG,1
SGGRINVA,-1
SGIFLETS,1
SGIFVVNG,1
SGIMFESN,1
SGIMFQSA,1
SGINFESG,1
SGIYLVEN,1
SGIYTVQS,1
SGIYYSVS,1
SGLFTEYG,1
SGLTMVTQ,-1
SGLYYVTE,1
SGMWFEAP,1
SGNFAAFS,1
SGNFVVNG,1
SGNMLVYS,1
SGNMVMFG,1
SGNYFVET,1
SGNYFVQG,1
SGNYLVTS,1
SGSYVEYQ,1
SGTFQVQL,1
SGTWMVHS,-1
SGTYYTDS,1
SGTYYTGS,1
SGVFAVTQ,1
SGVFHVNG,1
SGVFQVNG,1
SGVFSVNG,-1
SGVFTEER,1
SGVFVEMP,1
SGVFVENG,1
SGVFVETS,1
SGVFVNNG,-1
SGVFVQNG,1
SGVFVVNG,1
SGVFVVQG,1
SGVFVVTG,1
SGVFYSRE,1
SGVFYTLV,-1
SGVHFISR,1
SGVHVEYT,1
SGVLFVSS,1
SGVMFQTD,1
SGVMPTMS,1
SGVNVVNG,-1
SGVQVVNG,-1
SGVYHVST,1
SGVYLATD,1
SGVYQLSA,-1
SITDCRET,-1
SKAFLADT,1
SKDLIAEI,1
SKLLATVV,-1
SKNYPIVQ,1
SKVLVVQP,1
SKYPNCAY,-1
SLADVQAV,-1
SLGNWVCA,-1
SLNLPVAK,1
SLNLRETN,1
SLTYYTDS,1
SNFNTQAT,-1
SNNYPIVQ,1
SNYCNQMM,-1
SQAFPLRA,1
SQAYPIVQ,1
SQCYPIVQ,1
SQIYPIVQ,1
SQKNVACK,-1
SQKYPIVQ,-1
SQLYPIVQ,1
SQNFPIVQ,1
SQNMPIVQ,1
SQNPPIVQ,-1
SQNSPIVQ,-1
SQNYAIVQ,1
SQNYDIVQ,-1
SQNYKIVQ,-1
SQNYLIVQ,1
SQNYPAVQ,1
SQNYPIDQ,1
SQNYPIEQ,1
SQNYPIFQ,1
SQNYPIIQ,1
SQNYPILQ,1
SQNYPIVE,1
SQNYPIVL,1
SQNYPIVP,1
SQNYPIVQ,1
SQNYPKVQ,-1
SQNYPLVQ,1
SQNYPNVQ,1
SQNYPTVQ,1
SQNYPVVQ,1
SQNYTIVQ,1
SQNYYIDQ,1
SQNYYIVQ,1
SQNYYNQS,1
SQNYYTDQ,1
SQNYYTVQ,1
SQQYPIVQ,-1
SQTYPIVQ,1
SQTYYIDQ,1
SQTYYIVQ,1
SQTYYTDQ,1
SQTYYTDS,1
SQTYYTQS,1
SQTYYTVQ,1
SQVYPIVQ,1
SRNLCNIP,-1
SRNLTKDR,-1
SRSLYASS,1
SRVNVVNG,-1
SRVQVVNG,-1
SRWWCNDG,-1
SSDITASV,-1
SSKYPNCA,-1
SSLYPALT,1
SSNYCNQM,-1
SSSNYCNQ,-1
SSTSAASS,-1
STDYGILQ,-1
STLLIENS,-1
STMSITDC,-1
STSAASSS,-1
SVNCAKKI,-1
SYNFPQIT,1
SYSTMSIT,-1
TAAAKFER,-1
TASVNCAK,-1
TAVLVVQP,1
TDCRETGS,-1
TDGSTDYG,-1
TDVLVVQP,1
TDVQAWIR,-1
TDYGILQI,-1
TFNFPQIT,1
TFTFPVVF,1
TFVHESLA,-1
TFVLVVQP,1
TGSSKYPN,-1
TGVLVVQP,1
TKALVVQP,1
TKDLVVQP,1
TKDRCKPV,-1
TKFLVVQP,1
TKILVVQP,1
TKKLVVQP,-1
TKLLVVQP,1
TKNLVVQP,1
TKVAVVQP,1
TKVFVVQP,1
TKVGVVQP,1
TKVKVVQP,-1
TKVLFVQP,1
TKVLIVQP,1
TKVLKVQP,-1
TKVLLVQP,1
TKVLPVQP,1
TKVLSVQP,1
TKVLVVQP,1
TKVMVVQP,1
TKVYVVQP,1
TLNFPISP,1
TLNFPQIT,1
TLVLVVQP,1
TMSITDCR,-1
TMVTQLVP,-1
TNAVLVPK,-1
TNCYQSYS,-1
TNRNTDGS,-1
TPGSRNLC,-1
TQANKHII,-1
TQATNRNT,-1
TQDFWEVQ,1
TQIMFETF,1
TQNYPIVQ,1
TSAASSSN,-1
TSCYCHGT,1
TSLLTLDD,-1
TSVLVVQP,1
TTQANKHI,-1
TVVLVVQP,1
TWMVHSLV,-1
VACEGNPY,-1
VACKNGQT,-1
VAWRNRCK,-1
VCAAKFES,-1
VCSQKNVA,-1
VEICTEME,1
VEVAEEEE,1
VFGRCELA,-1
VFSVNGLV,-1
VFVNNGLV,-1
VHESLADV,-1
VKVLVVQP,1
VNCAKKIV,-1
VNQALVPK,-1
VNTFVHES,-1
VPVHFDAS,-1
VQAVCSQK,-1
VQAWIRGC,-1
VSDGNGMN,-1
VVAMPVVI,-1
VYQLSALV,-1
WCNDGRTP,-1
WMVHSLVP,-1
WRNRCKGT,-1
WVAWRNRC,-1
WVCAAKFE,-1
WWCNDGRT,-1
YCNQMMKS,-1
YEEFVQMM,1
YFNFPQIT,1
YGILQINS,-1
YKTTQANK,-1
YPNCAYKT,-1
YQLSALVP,-1
YQSYSTMS,-1
YRGYSLGN,-1
YSLGNWVC,-1
YSTMSITD,-1
YVPVHFDA,-1
SLNLRETN,1
AECFRIFD,1
HLVEALYL,1
TQIMFETF,1
AEELAEIF,1
PFIFEEEP,1
PIVGAETF,1
ETTALVCD,1
GGVYATRS,1
DAINTEFK,1
DDLFFEAD,1
SFIGMESA,1
PTLLTEAP,1
DQILIEIC,1
AQTFYVNL,1
QITLWQRP,1
GSHLVEAL,1
REAFRVFD,1
YEEFVQMM,1
GQVNYEEF,1
LPVNGEFS,1
ELEFPEGG,1
VEVAEEEE,1
DTVLEEMS,1
GDALLERN,1
AAKFERQH,-1
MDSSTSAA,-1
SSNYCNQM,-1
TPGSRNLC,-1
GSSKYPNC,-1
ETGSSKYP,-1
LTKDRCKP,-1
RCKGTDVQ,-1
SLGNWVCA,-1
PGSRNLCN,-1
VFGRCELA,-1
NCAKKIVS,-1
NSRWWCND,-1
SQKNVACK,-1
CAYKTTQA,-1
SRWWCNDG,-1
ASSSNYCN,-1
CYQSYSTM,-1
AVCSQKNV,-1
GNGMNAWV,-1
AKKIVSDG,-1
RNLTKDRC,-1
SYSTMSIT,-1
CAAKFESN,-1
CSQKNVAC,-1
QATNRNTD,-1
INSRWWCN,-1
YKTTQANK,-1
CRETGSSK,-1
VPVHFDAS,-1
EGNPYVPV,-1
VACEGNPY,-1
GNPYVPVH,-1
MKRHGLDN,-1
NWVCAAKF,-1
AKFERQHM,-1
QTNCYQSY,-1
SSSNYCNQ,-1
PCSALLSS,-1
VNCAKKIV,-1
GSRNLCNI,-1
NGMNAWVA,-1
HESLADVQ,-1
DGNGMNAW,-1
TDCRETGS,-1
GTDVQAWI,-1
TQANKHII,-1
NDGRTPGS,-1
FESNFNTQ,-1
ALLSSDIT,-1
CAKKIVSD,-1
STDYGILQ,-1
TNCYQSYS,-1
PYVPVHFD,-1
SDITASVN,-1
CEGNPYVP,-1
RNTDGSTD,-1
YSTMSITD,-1
KFESNFNT,-1
HMDSSTSA,-1
KHIIVACE,-1
DGSTDYGI,-1
FGRCELAA,-1
NRCKGTDV,-1
ETAAAKFE,-1
RQHMDSST,-1
YVPVHFDA,-1
KIVSDGNG,-1
CKPVNTFV,-1
SRNLTKDR,-1
NTDGSTDY,-1
GNWVCAAK,-1
TTQANKHI,-1
QANKHIIV,-1
WVCAAKFE,-1
NGQTNCYQ,-1
LAAAMKRH,-1
PNCAYKTT,-1
HGLDNYRG,-1
TFVHESLA,-1
SNFNTQAT,-1
IVSDGNGM,-1
TDVQAWIR,-1
CKGTDVQA,-1
TKDRCKPV,-1
DVQAVCSQ,-1
RETGSSKY,-1
ITDCRETG,-1
QAVCSQKN,-1
LDNYRGYS,-1
GRTPGSRN,-1
CNDGRTPG,-1
SAASSSNY,-1
SKYPNCAY,-1
LCNIPCSA,-1
YCNQMMKS,-1
VQAWIRGC,-1
VNTFVHES,-1
TMSITDCR,-1
IPCSALLS,-1
NVACKNGQ,-1
SDGNGMNA,-1
DVQAWIRG,-1
KTTQANKH,-1
QHMDSSTS,-1
GSTDYGIL,-1
TAAAKFER,-1
SALLSSDI,-1
MNAWVAWR,-1
TSAASSSN,-1
KYPNCAYK,-1
RWWCNDGR,-1
NTFVHESL,-1
VCAAKFES,-1
FVHESLAD,-1
QSYSTMSI,-1
NLTKDRCK,-1
CKNGQTNC,-1
NAWVAWRN,-1
NYRGYSLG,-1
SRNLCNIP,-1
QAWIRGCR,-1
MMKSRNLT,-1
TNRNTDGS,-1
FERQHMDS,-1
RNLCNIPC,-1
VCSQKNVA,-1
AAAMKRHG,-1
VQAVCSQK,-1
KPVNTFVH,-1
LGNWVCAA,-1
RHGLDNYR,-1
RGYSLGNW,-1
KNVACKNG,-1
NPYVPVHF,-1
GYSLGNWV,-1
KETAAAKF,-1
TGSSKYPN,-1
DRCKPVNT,-1
ACKNGQTN,-1
LLSSDITA,-1
DYGILQIN,-1
KGTDVQAW,-1
DGRTPGSR,-1
IVACEGNP,-1
ACEGNPYV,-1
DNYRGYSL,-1
HIIVACEG,-1
LADVQAVC,-1
NTQATNRN,-1
QKNVACKN,-1
RCKPVNTF,-1
DCRETGSS,-1
VSDGNGMN,-1
LQINSRWW,-1
AMKRHGLD,-1
QMMKSRNL,-1
PVNTFVHE,-1
KSRNLTKD,-1
NCYQSYST,-1
NKHIIVAC,-1
AASSSNYC,-1
STMSITDC,-1
SSKYPNCA,-1
NQMMKSRN,-1
GMNAWVAW,-1
ATNRNTDG,-1
TASVNCAK,-1
AAAKFERQ,-1
FNTQATNR,-1
WRNRCKGT,-1
AKFESNFN,-1
YQSYSTMS,-1
ESNFNTQA,-1
CSALLSSD,-1
QINSRWWC,-1
NYCNQMMK,-1
ESLADVQA,-1
ERQHMDSS,-1
CNQMMKSR,-1
AWVAWRNR,-1
WWCNDGRT,-1
VAWRNRCK,-1
KKIVSDGN,-1
VHESLADV,-1
AYKTTQAN,-1
ELAAAMKR,-1
GLDNYRGY,-1
GRCELAAA,-1
SSDITASV,-1
SNYCNQMM,-1
NLCNIPCS,-1
SLADVQAV,-1
STSAASSS,-1
GQTNCYQS,-1
IIVACEGN,-1
AAMKRHGL,-1
TQATNRNT,-1
CELAAAMK,-1
CNIPCSAL,-1
YRGYSLGN,-1
NCAYKTTQ,-1
ANKHIIVA,-1
ILQINSRW,-1
WCNDGRTP,-1
WVAWRNRC,-1
ADVQAVCS,-1
TDGSTDYG,-1
VACKNGQT,-1
NIPCSALL,-1
KDRCKPVN,-1
GILQINSR,-1
DSSTSAAS,-1
PVHFDASV,-1
YPNCAYKT,-1
AAKFESNF,-1
KVFGRCEL,-1
YGILQINS,-1
ITASVNCA,-1
AWRNRCKG,-1
LSSDITAS,-1
AWIRGCRL,-1
ASVNCAKK,-1
SITDCRET,-1
KRHGLDNY,-1
RNRCKGTD,-1
KNGQTNCY,-1
DITASVNC,-1
YSLGNWVC,-1
NFNTQATN,-1
SSTSAASS,-1
SVNCAKKI,-1
RTPGSRNL,-1
KFERQHMD,-1
MSITDCRE,-1
MKSRNLTK,-1
NRNTDGST,-1
RCELAAAM,-1
TDYGILQI,-1
ARVLMEAM,1
ARVLIEAM,1
ARVLFEAM,1
ARVLLEAM,1
ARVLVEAM,1
AFVLAEAM,1
ARVLNEAM,1
ARVFAEAM,1
ARVLAEAE,1
PRVLAEAM,1
ARVLAEAA,1
AAVLAEAM,1
ARVAAEAM,1
ARVLAEAR,1
ARVLAEAK,1
ARVLAVAM,1
ARVIAEAM,1
ARVNAEAM,1
AKVLAEAM,1
ARVYAEAM,1
ARGLAEAM,1
ATVLAEAM,1
ARVLAEAG,1
AGVLAEAM,1
ARVLAEFM,1
MRVLAEAM,1
ARRLAEAM,1
ARVLAEAP,1
ARALAEAM,1
ARVMAEAM,1
ARVLAERM,1
ERVLAEAM,1
ARILAEAM,1
ARVLALAM,1
ARVLGEAM,1
ARVLAESM,1
RRVLAEAM,1
ARVLAEEM,1
ARVLAEGM,1
HAVSLAMT,1
PASSLAMT,1
PHVSLAMT,1
PAVWLAMT,1
PDVSLAMT,1
PRVSLAMT,1
PAVALAMT,1
PAVSLANT,1
PPVSLAMT,1
PALSLAMT,1
FAVSLAMT,1
PAVGLAMT,1
GAVSLAMT,1
PAVSEAMT,1
PAVSFAMT,1
NAVSLAMT,1
PNVSLAMT,1
PAVSGAMT,1
PAVSLALT,1
PAVELAMT,1
PAVHLAMT,1
PAWSLAMT,1
PAVSLGMT,1
PAVSLSMT,1
PGVSLAMT,1
PAGSLAMT,1
PAVSLHMT,1
PAVSRAMT,1
PAVRLAMT,1
PAVSLLMT,1
LAVSLAMT,1
PAVSLAYT,1
PAVSQAMT,1
PAVLLAMT,1
GAVWLAMT,1
PAVWVAMT,1
PAHSFAMT,1
PAVWFAMT,1
PAHSLAMT,1
PAVSVAMT,1
PAGWLAMT,1
PAVWGAMT,1
PAVLAAMT,1
PAVSAAMT,1
PAASLAMT,1
PRGSLAMT,1
PSVWLAMT,1
PRASLAMT,1
PAASFAMT,1
PAVILAMT,1
PGLSLAMT,1
PAGSFAMT,1
PAVWAAMT,1
PRVALAMT,1
PALSFAMT,1
PRHSLAMT,1
PAVLFAMT,1
PRVGLAMT,1
PRLSLAMT,1
PTVSLAMT,1
PAAWLAMT,1
PRVWLAMT,1
PFVSLAMT,1
PTVWLAMT,1
PAVVLAMT,1
PAVIFAMT,1
PAVLGAMT,1
PSVSLAMT,1
PGVWLAMT,1
PRVLLAMT,1
PALWLAMT,1
PAHWLAMT,1
PHVWLAMT,1
KQNYPIVQ,1
TQNYPIVQ,1
DQNYPIVQ,1
NQNYPIVQ,1
GQNYPIVQ,1
LQNYPIVQ,1
RQNYPIVQ,1
PQNYPIVQ,1
AQNYPIVQ,1
MQNYPIVQ,1
SQNYPIVQ,1
ATIMMQRE,1
AAAMSSAI,1
RQANFLGK,1
PGNFLQSR,1
PLFAGISE,1
ARVLAEAM,1
PLIMANVN,1
PYVGSGLY,-1
LFAGISDW,-1
VVAMPVVI,-1
SRSLYASS,1
SQNYPQVQ,1
ARNYPIAQ,1
SRNYPEVQ,1
SRVLAEAM,1
SRVLAIAM,1
SQNYPEAQ,1
AQVLAEAM,1
ARVLAIAM,1
SQNYPEVQ,1
ARNYPQAQ,1
SQNYPIAQ,1
SRNYPEAQ,1
ARNYPEAQ,1
SRNYPIAQ,1
ARVLAQAM,1
SRNYPIVQ,1
TKVLVVQP,1
PVILPIQA,1
PQVLPVMH,1
SQAYPIVQ,1
SQCYPIVQ,1
SQNYPLVQ,1
SQNYPIFQ,1
SQTYPIVQ,1
SQFYPIVQ,1
SQNFPIVQ,1
SQNYPILQ,1
SQLYPIVQ,1
SQNMPIVQ,1
SQNVPIVQ,-1
SQNIPIVQ,-1
SQNGPIVQ,-1
SQNDPIVQ,-1
SQNYPKVQ,-1
SQNKPIVQ,-1
SQNSPIVQ,-1
SQNPPIVQ,-1
SQKYPIVQ,-1
SDGYYTDS,1
ATIYYITA,1
SDTYYLDS,1
SDNYPIVQ,1
SQTYYTQS,1
ATAMMATA,1
SLTYYTDS,1
SDTYYADS,1
SQTYYTDS,1
SDAYYTDS,1
SQNYYNQS,1
SFTYYTDS,1
SDTYYTDQ,1
SQNYYTDQ,1
SDAYYADS,1
SDEYYTDS,1
AETFYTDG,1
SGTYYTDS,1
SDTYYTQS,1
SDCYYCDS,1
SQNYYIDQ,1
SDTYYGDS,1
SQNYPTVQ,1
AETFYVDG,1
SDTYYCDS,1
SQTYYTVQ,1
SDTYYTFS,1
SDCYYTDS,1
SDEYYEDS,1
SDLYYTDS,1
SGTYYTGS,1
SDTYYEDS,1
SDIYYTDS,1
SQTYYIDQ,1
SQTYYTDQ,1
ATIMMITA,1
SQNYPIDQ,1
SDTYYTLS,1
SDTYYTDS,1
SQNYYTVQ,1
SQNYYIVQ,1
SQTYYIVQ,1
SDTYYIDS,1
SDTYYTGS,1
SQNPYIVQ,-1
QVIPYNQS,-1
SDGYYGDS,-1
GLAAPQFS,1
KELYPLTS,1
SLNLPVAK,1
RQVLFLEK,1
ARLMAEAL,1
TLNFPISP,1
PFAAAQQR,1
ATIMMQRG,1
RKILFLDG,1
PQNFLQSR,1
SFNFPQIT,1
PRNFPVAQ,1
FRSGVETT,-1
AEAMSQVT,-1
RQAGFLGL,-1
PAILPIIS,1
SSLYPALT,1
GGNYPVQH,1
TFTFPVVF,1
KDIFPVTE,1
PMVGVLDA,1
ATVLTVAL,1
KLVLAQLS,1
SQAFPLRA,1
LECLLSIP,1
EEIMLAYQ,1
ELILPVKR,1
PLIMAVVN,1
TSCYHCGT,1
DLVLLSAE,1
SKAFLADT,1
PAVSLAMT,1
KMMLLAKA,1
SEEYPIMI,1
FQAYPLRE,1
TSLLTLDD,-1
KQTFPIQQ,-1
PAILVHTP,-1
SKLLATVV,-1
LQVLTLNI,-1
STLLIENS,-1
ASILPVIP,-1
PGNLLQSR,1
QGNFLQSR,1
PRNFLQSR,1
GQVNFLGK,1
RRVNFLGK,1
GQANFLGK,1
RQVNFLGK,1
PGNFFQSR,1
PGNFVQSR,1
PGNYLQSR,1
PGNFPQSR,1
RRANFLGK,1
TKFLVVQP,1
TKVFVVQP,1
DKVLVVQP,1
TKVLFVQP,1
TKILVVQP,1
SQIYPIVQ,1
TKVLPVQP,1
TVVLVVQP,1
TKVLIVQP,1
VKVLVVQP,1
TKVLSVQP,1
TKVMVVQP,1
GKVLVVQP,1
TKLLVVQP,1
TKVYVVQP,1
TDVLVVQP,1
TFVLVVQP,1
TKDLVVQP,1
TKNLVVQP,1
TAVLVVQP,1
TLVLVVQP,1
TKVLLVQP,1
TSVLVVQP,1
SQVYPIVQ,1
TKVAVVQP,1
PKVLVVQP,1
TKALVVQP,1
SKVLVVQP,1
LKVLVVQP,1
AKVLVVQP,1
TGVLVVQP,1
TKVGVVQP,1
TKVLKVQP,-1
TKVKVVQP,-1
TKKLVVQP,-1
SQNYAIVQ,1
SQNYKIVQ,-1
SQNYDIVQ,-1
SGVFVVTG,1
SGNFVVNG,1
SGVFVENG,1
SGVFHVNG,1
SGVFVQNG,1
SGVFQVNG,1
SGIYTVQS,1
SGVFVVQG,1
GRINVALV,1
SGVFSVNG,1
SGVFAVTQ,1
SGVYQLSA,1
SGIFVVNG,1
SGVFVVNG,1
SFVFVVNG,1
KSRVNVVN,-1
SRVQVVNG,-1
GALTNAVL,-1
VNQALVPK,-1
MVNQALVP,-1
TWMVHSLV,-1
MVHSLVPK,-1
WMVHSLVP,-1
GVFVNNGL,-1
KSGVQVVN,-1
RVNVVNGK,-1
SGALTNAV,-1
VFVNNGLV,-1
KGSGALTN,-1
GLTMVTQL,-1
ALTNAVLV,-1
GSGAMVNQ,-1
TMVTQLVP,-1
KGSGLTMV,-1
KGSGAMVN,-1
SGAMVNQA,-1
GVNVVNGK,-1
FVNNGLVK,-1
MVTQLVPK,-1
SGVQVVNG,-1
SRVNVVNG,-1
LTNAVLVP,-1
TNAVLVPK,-1
KSGVNVVN,-1
SGVFVNNG,-1
KSGVFVNN,-1
GSGALTNA,-1
SGTWMVHS,-1
GVQVVNGK,-1
KSRVQVVN,-1
SGLTMVTQ,-1
GSGLTMVT,-1
AMVNQALV,-1
GAMVNQAL,-1
LTMVTQLV,-1
GTWMVHSL,-1
KGSGTWMV,-1
RVQVVNGK,-1
SGVNVVNG,-1
GSGTWMVH,-1
NSVMIALV,1
SGMWFEAP,1
GWVMTEAL,1
GLTMVQEL,1
SGNFAAFS,1
GFAMAEAL,1
SGVFVEMP,1
SGVYHVST,1
SGINFESG,1
GFIGVSYL,1
SGVHFISR,1
SGVYLATD,1
SGIYYSVS,1
SGAFMTRG,1
SGIYLVEN,1
SGIFLETS,1
SGNYLVTS,1
SGVFYSRE,1
GQDFPMYL,1
SGVFTEER,1
SGLYYVTE,1
SGNYFVQG,1
GEMFFPVL,1
SGNYFVET,1
GLNMPALV,1
SGTFQVQL,1
SGIMFQSA,1
SGIMFESN,1
SGLFTEYG,1
SGVMFQTD,1
SGVFVETS,1
GLVAFANL,1
SGNMLVYS,1
SGNMVMFG,1
SGSYVEYQ,1
SGVHVEYT,1
SGVLFVSS,1
GLVLQEGL,1
SGVMPTMS,1
SGAYLIQG,1
SKRTFLIK,-1
SYRRMFGG,-1
DTIGRLQD,-1
LKKLHEEE,-1
THSKRTFL,-1
HEEEIQEL,-1
KNLQEAEE,-1
RFLEQQNK,-1
REEAENTL,-1
GVRLLQDS,-1
RDNLAEDI,-1
LGDLYEEE,-1
EAANRNND,-1
IDKVRFLE,-1
ESTEYRRQ,-1
SVSSSSYR,-1
IGRLQDEI,-1
SLQEEIAF,-1
LSEAANRN,-1
LNDRFANY,-1
RETNLDSL,-1
LLQDSVDF,-1
RLGDLYEE,-1
RPSSSRSY,-1
LVDTHSKR,-1
QLTNDKAR,-1
DALKGTNE,-1
KILLAELE,-1
HLREYQDL,-1
LKGTNESL,-1
RISLPLPN,-1
PGVRLLQD,-1
DSLPLVDT,-1
GEESRISL,-1
VDFSLADA,-1
GKSRLGDL,-1
SRLGDLYE,-1
PDLTAALR,-1
IQELQAQI,-1
IDVDVSKP,-1
QELNDRFA,-1
TNESLERQ,-1
KNTRTNEK,-1
GPGTASRP,-1
GGPGTASR,-1
RTNEKVEL,-1
LQEAEEWY,-1
EDIMRLRE,-1
NYIDKVRF,-1
AVEAANYQ,-1
NDALRQAK,-1
FSLADAIN,-1
DLSEAANR,-1
YSLGSALR,-1
QSLTCEVD,-1
TRSSAVRL,-1
QMREMEEN,-1
FRQDVDNA,-1
RSSAVRLR,-1
SFRQDVDN,-1
NFAVEAAN,-1
SQHHDDLE,-1
EMLQREEA,-1
KSRLGDLY,-1
NTLQSFRQ,-1
NETSQHHD,-1
SLGSALRP,-1
MARHLREY,-1
EEEMRELR,-1
FADLSEAA,-1
RRQVQSLT,-1
NKILLAEL,-1
STEYRRQV,-1
ERDNLAED,-1
LEQLKGQG,-1
SRSYVTTS,-1
VETRDGQV,-1
ALDIEIAT,-1
HSKRTFLI,-1
VRQQYESV,-1
AELEQLKG,-1
INETSQHH,-1
LRSSVPGV,-1
MFGGPGTA,-1
AENTLQSF,-1
ERKVESLQ,-1
AEDIMRLR,-1
VSKPDLTA,-1
ASSPGGVY,-1
ALKGTNES,-1
RDGQVINE,-1
EEMRELRR,-1
ESLQEEIA,-1
ELQELNDR,-1
ATRSSAVR,-1
ISLPLPNF,-1
LQEEMLQR,-1
QELQAQIQ,-1
YESVAAKN,-1
QEEMLQRE,-1
RDVRQQYE,-1
LRDVRQQY,-1
NDRFANYI,-1
LQAQIQEQ,-1
EAENTLQS,-1
LREYQDLL,-1
KGQGKSRL,-1
ANRNNDAL,-1
LARLDLER,-1
QDVDNASL,-1
EEAENTLQ,-1
RSVSSSSY,-1
AKQESTEY,-1
KKLHEEEI,-1
REKLQEEM,-1
ARHLREYQ,-1
LQDSVDFS,-1
LHEEEIQE,-1
VELQELND,-1
QDEIQNMK,-1
QSFRQDVD,-1
TEYRRQVQ,-1
EAANYQDT,-1
EENFAVEA,-1
VQSLTCEV,-1
IAFLKKLH,-1
RLREKLQE,-1
EQLKGQGK,-1
KARVEVER,-1
LERQMREM,-1
TCEVDALK,-1
QQNKILLA,-1
QESTEYRR,-1
REYQDLLN,-1
QDLLNVKM,-1
RPSTSRSL,-1
ERQMREME,-1
KLLEGEES,-1
EKLQEEML,-1
QIDVDVSK,-1
KGTNESLE,-1
WYKSKFAD,-1
FLEQQNKI,-1
EIQNMKEE,-1
LPLPNFSS,-1
QEAEEWYK,-1
KLQEEMLQ,-1
ARVEVERD,-1
GSALRPST,-1
DFSLADAI,-1
QNKILLAE,-1
SLPLPNFS,-1
VDNASLAR,-1
FKNTRTNE,-1
VRLRSSVP,-1
RQMREMEE,-1
YQDTIGRL,-1
SSSRSYVT,-1
LRRQVDQL,-1
AEEWYKSK,-1
DKARVEVE,-1
QVINETSQ,-1
MEENFAVE,-1
ETNLDSLP,-1
EIAFLKKL,-1
LQELNDRF,-1
SLTCEVDA,-1
TASRPSSS,-1
TRTYSLGS,-1
ARLDLERK,-1
SLERQMRE,-1
PSSSRSYV,-1
EVDALKGT,-1
GDLYEEEM,-1
ELNDRFAN,-1
QGKSRLGD,-1
KLHEEEIQ,-1
LTNDKARV,-1
VDVSKPDL,-1
AAKNLQEA,-1
KEEMARHL,-1
RRMFGGPG,-1
DGQVINET,-1
LPNFSSLN,-1
LTCEVDAL,-1
YEEEMREL,-1
GRLQDEIQ,-1
EESRISLP,-1
YVTTSTRT,-1
EMARHLRE,-1
DLTAALRD,-1
NMKEEMAR,-1
QREEAENT,-1
QDTIGRLQ,-1
GQVINETS,-1
MKEEMARH,-1
TRDGQVIN,-1
RNNDALRQ,-1
RLDLERKV,-1
KPDLTAAL,-1
LLEGEESR,-1
ESLERQMR,-1
HVQIDVDV,-1
STRTYSLG,-1
EWYKSKFA,-1
KVELQELN,-1
EEIAFLKK,-1
SLPLVDTH,-1
TIGRLQDE,-1
AFLKKLHE,-1
DRFANYID,-1
SVAAKNLQ,-1
LDIEIATY,-1
AKNLQEAE,-1
VEAANYQD,-1
LQSFRQDV,-1
EYRRQVQS,-1
NEKVELQE,-1
QHVQIDVD,-1
EVERDNLA,-1
NTRTNEKV,-1
RFANYIDK,-1
TTSTRTYS,-1
VKMALDIE,-1
TYRKLLEG,-1
DSVDFSLA,-1
EMEENFAV,-1
ETSQHHDD,-1
QDSVDFSL,-1
LIKTVETR,-1
STRSVSSS,-1
SKFADLSE,-1
EIATYRKL,-1
NVKMALDI,-1
ESRISLPL,-1
VERDNLAE,-1
FGGPGTAS,-1
SEAANRNN,-1
IQEQHVQI,-1
MALDIEIA,-1
YRKLLEGE,-1
ASRPSSSR,-1
EFKNTRTN,-1
TNDKARVE,-1
LYEEEMRE,-1
PLPNFSSL,-1
EKVELQEL,-1
NRNNDALR,-1
RHLREYQD,-1
LLAELEQL,-1
ILLAELEQ,-1
SAVRLRSS,-1
QEQHVQID,-1
SVDFSLAD,-1
IEIATYRK,-1
EIQELQAQ,-1
SLARLDLE,-1
IKTVETRD,-1
SSRSYVTT,-1
FANYIDKV,-1
GTASRPSS,-1
LDSLPLVD,-1
LREKLQEE,-1
SRISLPLP,-1
DLLNVKMA,-1
DNLAEDIM,-1
VESLQEEI,-1
SALRPSTS,-1
LNVKMALD,-1
EEMLQREE,-1
DALRQAKQ,-1
QNMKEEMA,-1
LRQAKQES,-1
TEFKNTRT,-1
DVDVSKPD,-1
PLVDTHSK,-1
EYQDLLNV,-1
YKSKFADL,-1
DVSKPDLT,-1
CEVDALKG,-1
VINETSQH,-1
ANYQDTIG,-1
QYESVAAK,-1
RQDVDNAS,-1
SYVTTSTR,-1
RQQYESVA,-1
DLYEEEMR,-1
DNASLARL,-1
PGTASRPS,-1
YQDLLNVK,-1
LKGQGKSR,-1
FAVEAANY,-1
VQIDVDVS,-1
YASSPGGV,-1
RSSVPGVR,-1
RKLLEGEE,-1
RMFGGPGT,-1
REMEENFA,-1
PNFSSLNL,-1
TAALRDVR,-1
KFADLSEA,-1
RQVQSLTC,-1
VRLLQDSV,-1
GTNESLER,-1
QEEIAFLK,-1
YRRQVQSL,-1
ASLARLDL,-1
ALRDVRQQ,-1
YRRMFGGP,-1
RKVESLQE,-1
TFLIKTVE,-1
TRSVSSSS,-1
EEMARHLR,-1
VDALKGTN,-1
DVRQQYES,-1
LDLERKVE,-1
IATYRKLL,-1
LERKVESL,-1
ANYIDKVR,-1
QQYESVAA,-1
LGSALRPS,-1
GQGKSRLG,-1
KSKFADLS,-1
VRFLEQQN,-1
IQNMKEEM,-1
EQQNKILL,-1
VTTSTRTY,-1
AQIQEQHV,-1
SSAVRLRS,-1
MLQREEAE,-1
VPGVRLLQ,-1
TSQHHDDL,-1
TNLDSLPL,-1
RRQVDQLT,-1
LEQQNKIL,-1
RSYVTTST,-1
NLAEDIMR,-1
ELEQLKGQ,-1
TNEKVELQ,-1
DQLTNDKA,-1
ALRPSTSR,-1
NDKARVEV,-1
DIMRLREK,-1
SSYRRMFG,-1
EAEEWYKS,-1
DTHSKRTF,-1
NYQDTIGR,-1
LQDEIQNM,-1
NASLARLD,-1
LAELEQLK,-1
KMALDIEI,-1
QIQEQHVQ,-1
TLQSFRQD,-1
EEWYKSKF,-1
EEIQELQA,-1
QAKQESTE,-1
DVDNASLA,-1
TYSLGSAL,-1
SSVPGVRL,-1
ELRRQVDQ,-1
LEGEESRI,-1
VSSSSYRR,-1
NLQEAEEW,-1
QVQSLTCE,-1
KVESLQEE,-1
FLIKTVET,-1
ESVAAKNL,-1
QLKGQGKS,-1
LLNVKMAL,-1
LQEEIAFL,-1
EQHVQIDV,-1
RLRSSVPG,-1
ETRDGQVI,-1
SRPSSSRS,-1
RLQDEIQN,-1
EGEESRIS,-1
NESLERQM,-1
LQREEAEN,-1
SVPGVRLL,-1
ENTLQSFR,-1
RVEVERDN,-1
FLKKLHEE,-1
ELQAQIQE,-1
EEEIQELQ,-1
AVRLRSSV,-1
MRELRRQV,-1
KTVETRDG,-1
TVETRDGQ,-1
LPLVDTHS,-1
VEVERDNL,-1
NNDALRQA,-1
MSTRSVSS,-1
LAEDIMRL,-1
VAAKNLQE,-1
QAQIQEQH,-1
AALRDVRQ,-1
RTYSLGSA,-1
AANYQDTI,-1
MRLREKLQ,-1
DKVRFLEQ,-1
YIDKVRFL,-1
ATYRKLLE,-1
SSSYRRMF,-1
LTAALRDV,-1
ALRQAKQE,-1
LRPSTSRS,-1
KRTFLIKT,-1
AANRNNDA,-1
RQVDQLTN,-1
RLLQDSVD,-1
KVRFLEQQ,-1
DIEIATYR,-1
MREMEENF,-1
EMRELRRQ,-1
SKPDLTAA,-1
ADLSEAAN,-1
TRTNEKVE,-1
IMRLREKL,-1
RELRRQVD,-1
KQESTEYR,-1
DLERKVES,-1
QVDQLTND,-1
SSSSYRRM,-1
DEIQNMKE,-1
VDQLTNDK,-1
RTFLIKTV,-1
TSTRTYSL,-1
RQAKQEST,-1
VDTHSKRT,-1
NLDSLPLV,-1
ENFAVEAA,-1
TESIVIWG,-1
LRGTKALT,-1
HGYQLEKE,-1
WPLTEEKI,-1
AIKKKDST,-1
ISPIETVP,-1
SDLEIGQH,-1
PYNTPVFA,-1
AIFQSSMT,-1
SVPLDEDF,-1
EKEGKISK,-1
KDSWTVND,-1
NETPGIRY,-1
WKGSPAIF,-1
GTKALTEV,-1
WWTEYWQA,-1
LALQDSGL,-1
YARMRGAH,-1
YMDDLYVG,-1
IAEIQKQG,-1
DDLYVGSD,-1
GIKVRQLC,-1
WETWWTEY,-1
DSQYALGI,-1
PLDEDFRK,-1
LNKRTQDF,-1
TKALTEVI,-1
KIKALVEI,-1
RYQYNVLP,-1
KKKDSTKW,-1
GIPHPAGL,-1
HDHPFHGY,-1
TDSQYALG,-1
SELVNQII,-1
AGYVTNKG,-1
VLPQGWKG,-1
KPGMDGPK,-1
EPFKNLKT,-1
QGQWTYQI,-1
KLKPGMDG,-1
KWRKLVDF,-1
YVTNKGRQ,-1
QDSGLEVN,-1
YQEPFKNL,-1
RTKIEELR,-1
IVLPEKDS,-1
SQYALGII,-1
YTAFTIPS,-1
TVQPIVLP,-1
GAHTNDVK,-1
ETPGIRYQ,-1
GIIQAQPD,-1
AEIQKQGQ,-1
TWWTEYWQ,-1
IQKETWET,-1
SQIYPGIK,-1
QIIEQLIK,-1
QNPDIVIY,-1
QYMDDLYV,-1
TTPDKKHQ,-1
TVLDVGDA,-1
DVKQLTEA,-1
GQWTYQIY,-1
IEELRQHL,-1
ETVPVKLK,-1
RQKVVPLT,-1
KWTVQPIV,-1
PEWEFVNT,-1
KTELQAIY,-1
HPGHLVIH,-1
EYWQATWI,-1
KQWPLTEE,-1
VYYDPSKD,-1
IPSINNET,-1
LNWASQIY,-1
LVDFRELN,-1
TWIPEWEF,-1
IKKKDSTK,-1
PVFAIKKK,-1
VQLGIPHP,-1
KLGKAGYV,-1
GGNEQVDK,-1
KLLRGTKA,-1
DFRKYTAF,-1
PISPIETV,-1
KQGQGQWT,-1
KKQNPDIV,-1
VNQIIEQL,-1
AENREILK,-1
GMDGPKVK,-1
DHDHPFHG,-1
NREILKEP,-1
VSAGIRKI,-1
TNKGRQKV,-1
ASQIYPGI,-1
DKSESELV,-1
VFAIKKKD,-1
LIKKEKVY,-1
GKTPKFKL,-1
GKISKIGP,-1
QKQGQGQW,-1
VDKLVSAG,-1
IGPENPYN,-1
VNTPPLVK,-1
GSDLEIGQ,-1
VIHPISPI,-1
SPIETVPV,-1
LPEKDSWT,-1
KDSTKWRK,-1
FKNLKTGK,-1
EIQKQGQG,-1
LKTGKYAR,-1
VQPIVLPE,-1
TNTTNQKT,-1
ELNKRTQD,-1
DSWTVNDI,-1
VIWGKTPK,-1
LTEEAELE,-1
TYQIYQEP,-1
QLTEAVQK,-1
DGPKVKQW,-1
STKWRKLV,-1
GKLNWASQ,-1
TGKYARMR,-1
ALGIIQAQ,-1
ALTEVIPL,-1
EAVQKITT,-1
LLRGTKAL,-1
AVQKITTE,-1
NDIQKLVG,-1
WGLTTPDK,-1
EMEKEGKI,-1
INNETPGI,-1
NTPPLVKL,-1
PKVKQWPL,-1
ILKEPVHG,-1
NTTNQKTE,-1
IPHPAGLK,-1
PFKKQNPD,-1
VGSDLEIG,-1
FQSSMTKI,-1
GVYYDPSK,-1
HPAGLKKK,-1
VGKLNWAS,-1
GIRYQYNV,-1
AFTIPSIN,-1
QLCKLLRG,-1
DEDFRKYT,-1
PEKDSWTV,-1
PDKSESEL,-1
PGHLVIHP,-1
TKWRKLVD,-1
GKAGYVTN,-1
LYVGSDLE,-1
IYQEPFKN,-1
FAIKKKDS,-1
RELNKRTQ,-1
ESIVIWGK,-1
YQYNVLPQ,-1
ANRETKLG,-1
PIETVPVK,-1
SWTVNDIQ,-1
LLRWGLTT,-1
EILKEPVH,-1
LRQHLLRW,-1
EKIKALVE,-1
VHGVYYDP,-1
IQKQGQGQ,-1
PAHKGIGG,-1
EKDSWTVN,-1
VPLDEDFR,-1
TPDKKHQK,-1
PENPYNTP,-1
RGTKALTE,-1
EPVHGVYY,-1
LVIHPISP,-1
LKKKKSVT,-1
QYNVLPQG,-1
KEPPFLWM,-1
TEYWQATW,-1
KQLTEAVQ,-1
RKYTAFTI,-1
FVNTPPLV,-1
QHLLRWGL,-1
NEQVDKLV,-1
KTPKFKLP,-1
EPPFLWMG,-1
HTNDVKQL,-1
YQYMDDLY,-1
HQKEPPFL,-1
QKLVGKLN,-1
LKEPVHGV,-1
PIQKETWE,-1
KHQKEPPF,-1
DKWTVQPI,-1
PKFKLPIQ,-1
WQATWIPE,-1
KKHQKEPP,-1
PGIKVRQL,-1
KYTAFTIP,-1
SESELVNQ,-1
KKKSVTVL,-1
VTVLDVGD,-1
IVIYQYMD,-1
VKQLTEAV,-1
KTGKYARM,-1
QATWIPEW,-1
TTNQKTEL,-1
TEMEKEGK,-1
KILEPFKK,-1
LEPFKKQN,-1
KNLKTGKY,-1
QKTELQAI,-1
EQVDKLVS,-1
EQLIKKEK,-1
LEKEPIVG,-1
LPQGWKGS,-1
GPENPYNT,-1
WGKTPKFK,-1
TKILEPFK,-1
PDKKHQKE,-1
PPLVKLWY,-1
IYPGIKVR,-1
RMRGAHTN,-1
IKVRQLCK,-1
TEAVQKIT,-1
KVVPLTNT,-1
NDVKQLTE,-1
QWPLTEEK,-1
VNDIQKLV,-1
AWVPAHKG,-1
EFVNTPPL,-1
IHDHDHPF,-1
TWETWWTE,-1
KGRQKVVP,-1
ETWWTEYW,-1
QEPFKNLK,-1
NWASQIYP,-1
YVGSDLEI,-1
KALTEVIP,-1
ENPYNTPV,-1
KGSPAIFQ,-1
KKSVTVLD,-1
PFHGYQLE,-1
YELHPDKW,-1
FKKQNPDI,-1
QLGIPHPA,-1
VTDSQYAL,-1
HLVIHPIS,-1
NPYNTPVF,-1
ILEPFKKQ,-1
IEQLIKKE,-1
PAGLKKKK,-1
LGIIQAQP,-1
EPFKKQNP,-1
MRGAHTND,-1
GKYARMRG,-1
HPISPIET,-1
LKPGMDGP,-1
PLTNTTNQ,-1
QHRTKIEE,-1
SMTKILEP,-1
DFRELNKR,-1
QWTYQIYQ,-1
TIPSINNE,-1
TEEKIKAL,-1
EDFRKYTA,-1
HGVYYDPS,-1
GLTTPDKK,-1
QYALGIIQ,-1
WTVNDIQK,-1
YQLEKEPI,-1
RETKLGKA,-1
NNETPGIR,-1
MEKEGKIS,-1
ATWIPEWE,-1
GNEQVDKL,-1
LRWGLTTP,-1
KLVGKLNW,-1
PIHHHHHH,-1
QVDKLVSA,-1
ITTESIVI,-1
TNDVKQLT,-1
EELRQHLL,-1
HHPGHLVI,-1
LPIQKETW,-1
PFKNLKTG,-1
GSPAIFQS,-1
DIVIYQYM,-1
IWGKTPKF,-1
LVGKLNWA,-1
ISKIGPEN,-1
ETWETWWT,-1
TKIEELRQ,-1
QGWKGSPA,-1
FRELNKRT,-1
NTPVFAIK,-1
VIYQYMDD,-1
ALQDSGLE,-1
TPPLVKLW,-1
IIEQLIKK,-1
WTVQPIVL,-1
KEPVHGVY,-1
KQNPDIVI,-1
FRKYTAFT,-1
NVLPQGWK,-1
SIVIWGKT,-1
KLVDFREL,-1
HHHHHHPG,-1
ARMRGAHT,-1
VDFRELNK,-1
TAFTIPSI,-1
YALGIIQA,-1
QPIVLPEK,-1
EWEFVNTP,-1
VDGAANRE,-1
FTIPSINN,-1
ELRQHLLR,-1
HLLRWGLT,-1
AGLKKKKS,-1
IETVPVKL,-1
QPDKSESE,-1
LEIGQHRT,-1
WEFVNTPP,-1
SVTVLDVG,-1
GWKGSPAI,-1
SINNETPG,-1
DKLVSAGI,-1
GPKVKQWP,-1
TEEAELEL,-1
GQHRTKIE,-1
SPAIFQSS,-1
NPDIVIYQ,-1
YQIYQEPF,-1
KITTESIV,-1
GHLVIHPI,-1
LGIPHPAG,-1
YVDGAANR,-1
PGMDGPKV,-1
QSSMTKIL,-1
LCKLLRGT,-1
DSTKWRKL,-1
DHPFHGYQ,-1
GQGQWTYQ,-1
KGIGGNEQ,-1
QKVVPLTN,-1
RKLVDFRE,-1
GRQKVVPL,-1
HHHPGHLV,-1
IIQAQPDK,-1
EVIPLTEE,-1
SKIGPENP,-1
GYVTNKGR,-1
KLWYQLEK,-1
GIGGNEQV,-1
QAQPDKSE,-1
IPLTEEAE,-1
PDKWTVQP,-1
SAGIRKIL,-1
YYDPSKDL,-1
KSVTVLDV,-1
TPVFAIKK,-1
KISKIGPE,-1
VLDVGDAY,-1
PLTEEAEL,-1
QLEKEPIV,-1
VQKITTES,-1
SSMTKILE,-1
HHHHHPGH,-1
TTESIVIW,-1
PQGWKGSP,-1
EVQLGIPH,-1
WASQIYPG,-1
KVKQWPLT,-1
PIHDHDHP,-1
TEVIPLTE,-1
LVKLWYQL,-1
IQKLVGKL,-1
KIGPENPY,-1
IYQYMDDL,-1
HKGIGGNE,-1
WRKLVDFR,-1
MDDLYVGS,-1
GAANRETK,-1
NLKTGKYA,-1
EIGQHRTK,-1
VKQWPLTE,-1
LVSAGIRK,-1
QKETWETW,-1
GLKKKKSV,-1
PLVKLWYQ,-1
KKKKSVTV,-1
EEKIKALV,-1
VIPLTEEA,-1
KKDSTKWR,-1
IPEWEFVN,-1
WEVQLGIP,-1
KLNWASQI,-1
TPKFKLPI,-1
YPGIKVRQ,-1
HRTKIEEL,-1
NKGRQKVV,-1
MDGPKVKQ,-1
WVPAHKGI,-1
HPFHGYQL,-1
IHHHHHHP,-1
MTKILEPF,-1
ELVNQIIE,-1
GYQLEKEP,-1
KYARMRGA,-1
YNTPVFAI,-1
VVPLTNTT,-1
DIQKLVGK,-1
LQDSGLEV,-1
KVRQLCKL,-1
PLTEEKIK,-1
IKALVEIC,-1
KEGKISKI,-1
PHPAGLKK,-1
LTEVIPLT,-1
QLIKKEKV,-1
ENREILKE,-1
VKLWYQLE,-1
IGQHRTKI,-1
DLEIGQHR,-1
IVIWGKTP,-1
KIEELRQH,-1
LAWVPAHK,-1
LGKAGYVT,-1
AQPDKSES,-1
PVKLKPGM,-1
LHPDKWTV,-1
LDEDFRKY,-1
YNVLPQGW,-1
CKLLRGTK,-1
VRQLCKLL,-1
VTNKGRQK,-1
IHPISPIE,-1
RGAHTNDV,-1
IVTDSQYA,-1
VPLTNTTN,-1
IRYQYNVL,-1
EGKISKIG,-1
AHTNDVKQ,-1
HHHHPGHL,-1
LWYQLEKE,-1
DLYVGSDL,-1
ELHPDKWT,-1
QIYQEPFK,-1
AANRETKL,-1
YWQATWIP,-1
DGAANRET,-1
PGIRYQYN,-1
KSESELVN,-1
KETWETWW,-1
ESELVNQI,-1
KLPIQKET,-1
REILKEPV,-1
VKLKPGMD,-1
LTTPDKKH,-1
QKITTESI,-1
WTYQIYQE,-1
IGGNEQVD,-1
RWGLTTPD,-1
LTEEKIKA,-1
TPGIRYQY,-1
QGQGQWTY,-1
VLPEKDSW,-1
KLVSAGIR,-1
IQAQPDKS,-1
HPDKWTVQ,-1
PIVLPEKD,-1
VPVKLKPG,-1
PVHGVYYD,-1
RQLCKLLR,-1
QKEPPFLW,-1
LTNTTNQK,-1
QIYPGIKV,-1
LTEAVQKI,-1
VPAHKGIG,-1
RQHLLRWG,-1
NRETKLGK,-1
KFKLPIQK,-1
AHKGIGGN,-1
TNQKTELQ,-1
FHGYQLEK,-1
NQIIEQLI,-1
LVNQIIEQ,-1
DKKHQKEP,-1
PSINNETP,-1
PDIVIYQY,-1
WYQLEKEP,-1
TVNDIQKL,-1
FSVPLDED,-1
IFQSSMTK,-1
WTEYWQAT,-1
TKLGKAGY,-1
ETKLGKAG,-1
TVPVKLKP,-1
PAIFQSSM,-1
FKLPIQKE,-1
NQKTELQA,-1
KAGYVTNK,-1
WIPEWEFV,-1
HDHDHPFH,-1
ELELAENR,1
GWILGEHG,1
HYGFPTYG,1
GDAYFSVP,1
LWMGYELH,1
EKVYLAWV,1
VEICTEME,1
TQDFWEVQ,1
LEVNIVTD,1
QMIFEEHG,1
GWILAEHG,1
QAIYLALQ,1
DSADAEED,1
SKDLIAEI,1
AAAGKSGG,-1
AAAVDAGM,-1
AAGKSGGG,-1
AALALEYG,1
AANDGPMP,-1
AASAAAVD,-1
AATEPELL,-1
AAVDAGMA,-1
ADGYAVDR,-1
ADKVPKTA,-1
ADLQNDEV,-1
ADLTDTAQ,-1
ADTSVDLE,-1
AEFQTKTE,-1
AEGGGAKF,-1
AEKELEER,-1
AELKALLQ,-1
AENQAESR,-1
AENVVIVA,-1
AEVEQVEL,-1
AFMGPLKK,-1
AFTCYLDA,-1
AGASATFP,-1
AGAVEKGV,-1
AGFAGDDA,-1
AGIRLLPS,1
AGKSGGGG,-1
AGMAMAGQ,-1
AGQSPVLR,-1
AGSVPAIQ,-1
AGTYGASS,-1
AIIDPGDS,-1
AINQGGLT,-1
AKFKKYEE,-1
AKGDYPLE,-1
AKLAEQAE,-1
AKVSTASV,-1
ALCLFDVD,1
ALDGACGR,-1
ALEKDKPS,-1
ALIAAQYS,1
ALKKQLPG,-1
ALLQSSAS,-1
ALSEETTA,-1
AMAGQSPV,-1
ANDGPMPQ,-1
ANFPANVM,-1
ANSAFVER,-1
ANVMDVIA,-1
APIYELTS,-1
APLNPKAN,-1
APPGKEKQ,-1
AQADEGQA,-1
AQDEIPAL,-1
AQKMMIGR,-1
AQNRAEIK,1
AQYSGAQV,-1
ARALDGAC,-1
ARVLTVIN,1
ASAAAVDA,-1
ASASASAE,-1
ASATFPMQ,-1
ASCEDIAR,-1
ASDVLELT,1
ASSTTSTG,-1
ATEDKEAL,-1
ATEPELLD,-1
ATFPMQCS,-1
ATVKKGKP,-1
ATVTKPVG,-1
AVCKAGAV,-1
AVDAGMAM,-1
AVDGEPLG,-1
AVDLVEEE,1
AVEKGVPL,-1
AVPETLKK,-1
CIMLSGET,1
CKAGAVEK,-1
CKAGFAGD,-1
CLIINNHN,-1
CLNFIEEN,1
CPSGPQPR,-1
CPTEIIAF,-1
CVVGTKKR,-1
CYLDAGLA,-1
DADLTDTA,-1
DAELKALL,-1
DAGASATF,-1
DAGMAMAG,-1
DAQADEGQ,-1
DCAFMVDN,1
DCIMLSGE,1
DDDYVEEG,1
DDLDFETG,1
DEDGLELD,1
DEEEQLLR,-1
DEGVLKVI,-1
DEIPALSV,-1
DELDQKMR,-1
DESTGSIA,-1
DEVLVAGF,-1
DEYEQLSS,-1
DFVMLKGC,1
DGAPGGGK,-1
DGDEPGPQ,-1
DGGVVMGS,-1
DGPMPQTR,-1
DGQEAPIY,-1
DGTLTAPR,-1
DIAALVVD,1
DIAVDGEP,-1
DISPKQDE,-1
DKEALKKQ,-1
DKVPKTAE,-1
DLALLEDL,1
DLEPTVID,-1
DLQNDEVA,-1
DLTDTAQT,-1
DMVMATVK,1
DNEAIYDI,-1
DNGSGMCK,-1
DPEVTDEE,-1
DPGDSDII,-1
DQGGLEAV,-1
DQKPLAQR,-1
DQVANSAF,-1
DREDLVYQ,1
DSFGGDAQ,-1
DTAVLVID,1
DTIEIITD,-1
DTSVDLEE,-1
DVDGTLTA,-1
DVEALENS,1
DVFSPIGE,-1
DVGQLGLG,-1
DVSEETMG,-1
DVVMAATE,1
DWVFVSSK,1
DYASVEVS,1
DYDSVEQD,1
DYPLEAVR,-1
EADDDKKR,-1
EAEGQQTR,1
EAENQAES,-1
EAIYDICR,-1
EAKELVGR,-1
EALKKQLP,-1
EALSEETT,-1
EANFPANV,-1
EAPIYELT,-1
EAPLNPKA,-1
EAVLTEEL,1
EDKEALKK,-1
EDQGGLEA,-1
EEADDDKK,-1
EEAENQAE,-1
EEAKELVG,-1
EEDREVAA,1
EEEAENQA,-1
EEEEEEEE,-1
EEEEEEEG,-1
EEEEEEGG,-1
EEEEEGGL,-1
EEEEGGLR,-1
EEEMTVVE,1
EEESGAPG,-1
EEGEEEEE,-1
EEGIVLGG,-1
EEIAASKC,-1
EEIDNAPE,-1
EEKKAFMG,-1
EEKKKEVP,-1
EELDEEEQ,-1
EELREILS,1
EENDEVLV,-1
EEPDTKLA,-1
EESGAPGE,-1
EESPIEQL,-1
EETGEALS,-1
EETTAGEQ,-1
EEVMPVLE,1
EFDGGVVM,-1
EFQTKTEE,-1
EGDQKPLA,-1
EGEEEEEE,-1
EGGGAKFK,-1
EGIVLGGG,-1
EGLKMVEK,-1
EGSLQNGV,-1
EGVLKVIK,-1
EHGLVVIA,1
EIAASKCR,-1
EIDNAPEE,-1
EIEAIELP,1
EIIAFSDR,-1
EIIAFSNR,-1
EILSSLLP,-1
EIPALSVS,-1
EIQEFVKD,1
EIVLPENA,1
EKAQDEIP,-1
EKDKPSLR,-1
EKDQDGGR,-1
EKGVPLYR,-1
EKKAFMGP,-1
EKKKEVPA,-1
EKQQQDQV,-1
EKSLGLSK,-1
EKSVSQKV,-1
EKVFLAQK,1
EKVLATVT,1
ELCHQWLR,-1
ELDEEEQL,-1
ELDGAPGG,-1
ELEMNSDL,-1
ELETLRAQ,1
ELKALLQS,-1
ELKKEEIK,-1
ELLDDQEA,-1
ELPDGKKR,-1
ELPMDPKL,-1
ELSLLEKS,1
ELSLLGKK,-1
ELTDDNFE,-1
ELTSQFTG,-1
EMADGYAV,-1
EMEKQQQD,-1
EMNPGYEV,-1
EMNSDLKA,-1
ENAEKELE,-1
ENDEVLVA,-1
ENSAGATY,-1
ENVVIVAS,-1
EPDTKLAR,-1
EPELLDDQ,-1
EPTLDELD,-1
EPTVIDEV,-1
EQDGDEPG,-1
EQKNIAVE,-1
EQLSSEAL,-1
EQVANSAF,-1
EQVELPDG,-1
ESGAPGEE,-1
ESIDGQPG,1
ESISKTNR,-1
ESKEQVAN,-1
ESPIEQLE,-1
ESTGSIAK,-1
ETAKGDYP,-1
ETGDAGAS,-1
ETGEALSE,-1
ETKDQVAN,-1
ETQNGDVS,-1
ETTAGEQS,-1
EVEQVELP,-1
EVLVAGFG,-1
EVPAVPET,-1
EVQALDDT,-1
EVQDAELK,-1
EVSLADLQ,-1
EVTDEEIK,-1
EYEQLSSE,-1
EYGAGTYG,-1
EYGASCED,-1
EYIEENKY,-1
FADKVPKT,-1
FAGDDAPR,-1
FDGGVVMG,-1
FDIAVDGE,-1
FDVDGTLT,-1
FEEYGKID,1
FETGDAGA,-1
FEVLQIDP,1
FEVSLADL,1
FEYIEENK,-1
FGDFNLPR,-1
FGFVSFER,-1
FGGDAQAD,-1
FIEDQGGL,-1
FKKYEEID,-1
FLKANQKK,-1
FLLLTLEQ,1
FMGPLKKD,-1
FNLQILPK,1
FPANVMDV,-1
FPMQCSAL,-1
FPSLILQK,1
FQTKAEVE,-1
FQTKTEEE,-1
FQTMEEKK,1
FSILNTPK,1
FTCYLDAG,-1
FTPGGGGS,-1
FVCPTEII,-1
FVKDVFSP,-1
FVSFERHE,-1
FVTEEDKR,-1
FYSDSFGG,1
GAAMVEMA,1
GADTSVDL,-1
GAFTCYLD,-1
GAGSVPAI,-1
GAGTYGAS,-1
GAKFKKYE,-1
GAPGEEQR,-1
GAPGGGKR,-1
GASATFPM,-1
GASCEDIA,-1
GASSTTST,-1
GAVEKGVP,-1
GCILVVAA,1
GCVVGTKK,-1
GDAGASAT,-1
GDAQADEG,-1
GDEMVSLK,1
GDEPGPQR,-1
GDKNGGTR,-1
GDQKPLAQ,-1
GDVGQLGL,-1
GDVSEETM,-1
GDYPLEAV,-1
GEAFTILS,1
GEALSEET,-1
GEEEEEEE,-1
GESKEQVA,-1
GETAKGDY,-1
GETKDQVA,-1
GFAGDDAP,-1
GFGFVSFE,-1
GFSLLATE,1
GFTPGGGG,-1
GFVSFERH,1
GGAKFKKY,-1
GGDAQADE,-1
GGDKNGGT,-1
GGGAKFKK,-1
GGGCALLR,-1
GGGGSSSS,-1
GGGGSSVS,-1
GGGSGGLA,-1
GGGSSSSG,-1
GGGSSVSM,-1
GGLTSVAV,-1
GGSCPSGP,-1
GGSGGLAS,-1
GGSSSSGG,-1
GGSSVSMI,-1
GGTTMYPG,-1
GGVVMGSD,-1
GIIYGTDG,-1
GIVLGGGC,-1
GKIDTIEI,-1
GKSGGGGS,-1
GLGENVME,-1
GLKMVEKD,-1
GLSKGNKY,-1
GLTSVAVR,-1
GLVLTLGQ,1
GMAMAGQS,-1
GMCKAGFA,-1
GMCQQLPR,-1
GMNFKTPR,-1
GMVMMVPG,1
GNKYSAQG,-1
GQEAPIYE,-1
GQGDVGQL,-1
GQLGLGEN,-1
GQPGAFTC,-1
GRAMQVAK,1
GRGYFEYI,1
GRVFEVSL,1
GSCPSGPQ,-1
GSGGLASA,-1
GSGMCKAG,-1
GSLQNGVT,-1
GSSSSGGG,-1
GSSVSMIA,-1
GSVPAIQR,-1
GTDGQEAP,-1
GTNAAEFQ,1
GTTMYPGI,-1
GTYGASST,-1
GVKSEGKR,-1
GVLKVIKR,-1
GVSLAVCK,1
GVVMGSDS,-1
GWELIEPT,1
GYCLIINN,-1
HMVSDEYE,1
IAPDTSPR,-1
IAQPLASR,-1
IAVDGEPL,-1
IAVETDVR,-1
IDNAPEER,-1
IDNGSGMC,-1
IDPEVTDE,-1
IDPGDSDI,-1
IDTIEIIT,-1
IEDQGGLE,-1
IEENDEVL,-1
IEENKYSR,-1
IELPMDPK,-1
IEMEKQQQ,-1
IEPTLDEL,-1
IEYYFGDF,1
IGGGSGGL,-1
IGILVEKA,1
IIDPGDSD,-1
IINNHNFA,-1
IIYGTDGQ,-1
ILAADEST,1
ILGADTSV,-1
ILPKSAKQ,-1
ILQKTESI,-1
ILSDPKKK,-1
ILSSLLPF,-1
INNHNFAK,-1
INQGGLTS,-1
INQTQKEN,-1
IPALSVSR,-1
IQDGYLSL,1
IQIMKVEE,1
IRLRELCH,1
ISKMLFVE,-1
ISKMVPTS,-1
ISPKQDEG,-1
ITGESKEQ,-1
ITGETKDQ,-1
ITQDLLET,1
IVLGGGCA,-1
IYELTSQF,-1
IYGTDGQE,-1
KAEVEQVE,-1
KAFMGPLK,-1
KAGAVEKG,-1
KAGFAGDD,-1
KALLQSSA,-1
KAQDEIPA,-1
KDADLTDT,-1
KDQVANSA,-1
KDVFSPIG,-1
KEALKKQL,-1
KEQVANSA,-1
KEVPAVPE,-1
KFKKYEEI,-1
KGCDVVVI,1
KGCVVGTK,-1
KGDYPLEA,-1
KGIIYGTD,-1
KGNKYSAQ,-1
KHIYYITG,1
KIDTIEII,-1
KKAFMGPL,-1
KKEEIKQR,-1
KKEVPAVP,-1
KKGKPELR,-1
KKKEVPAV,-1
KKLGNSLL,-1
KKQLPGVK,-1
KKYEEIDN,-1
KLAEQAER,-1
KLDFLEGD,1
KLGNSLLR,-1
KMLFVEPI,-1
KMVEKDQD,-1
KMVPTSDK,-1
KNIAVETD,-1
KPSKGQKR,-1
KPVGGDKN,-1
KQDEGVLK,-1
KQLPGVKS,-1
KQQQDQVD,-1
KSAKQKER,-1
KSEMEVQD,1
KSGGGGSS,-1
KSIYYITG,1
KSLGLSKG,-1
KSVSQKVA,-1
KTEEEEID,-1
KTESISKT,-1
KVAAAMPV,-1
KVEEIAAS,-1
KVPKTAEN,-1
KVSTASVG,-1
KWEGLVYA,1
KYEEIDNA,-1
KYSAQGER,-1
LADLQNDE,-1
LAIIDPGD,-1
LAQKMMIG,-1
LASASASA,-1
LATEDKEA,-1
LDAWLEMN,1
LDDQEAKR,-1
LDEEEQLL,-1
LDELDQKM,-1
LDFTFVCP,1
LDGAPGGG,-1
LDNLVAIL,1
LEDLEKQR,-1
LEERILGA,1
LEGDQKPL,-1
LEGLKMVE,-1
LEKDKPSL,-1
LEKSLGLS,-1
LEKSVSQK,-1
LELDGAPG,-1
LELEMNSD,-1
LELKKEEI,-1
LELTDDNF,-1
LEMNPGYE,-1
LEMNSDLK,-1
LENSAGAT,-1
LEPTVIDE,-1
LEQKNIAV,-1
LETKGEPR,-1
LEVMVRIR,-1
LEYGASCE,-1
LFADVVPK,1
LGADTSVD,-1
LGENVMER,-1
LGGGCALL,-1
LGLGENVM,-1
LGLSKGNK,-1
LGQGDVGQ,-1
LIEMEKQQ,1
LIINNHNF,-1
LIYDFIED,1
LKALLQSS,-1
LKANQKKR,-1
LKGCVVGT,-1
LKKEEIKQ,-1
LKKQLPGV,-1
LKMVEKDQ,-1
LLDDQEAK,-1
LLELEMNS,1
LLETKGEP,-1
LLGKKKKR,-1
LLPSGMCQ,-1
LLQDSGEV,-1
LLQSSASR,-1
LPGVKSEG,-1
LPKSAKQK,-1
LPMDPKLN,-1
LPSGMCQQ,-1
LQALEKDK,-1
LQDSGEVR,-1
LQKTESIS,-1
LQNDEVAF,-1
LQNGVTAA,-1
LRAQLLQR,-1
LSDPKKKT,-1
LSEETTAG,-1
LSGETAKG,-1
LSGGTTMY,-1
LSKGNKYS,-1
LSKPSKGQ,-1
LSLLGKKK,-1
LSLLQDSG,-1
LSNLQVTQ,1
LSSEALEA,-1
LSSLLPFV,-1
LTDDNFES,-1
LTDTAQTR,-1
LTELSMQD,1
LTIDLKNF,-1
LTSQFTGL,-1
LVIDNGSG,-1
LVIGGGSG,-1
LVNQNPIA,-1
LVTVAAAG,-1
LVVDNGSG,-1
LVYAPPGK,-1
LVYQAKLA,-1
LYANTVLS,1
MADGYAVD,-1
MAGQSPVL,-1
MAMAGQSP,-1
MCKAGFAG,-1
MDPKLNKR,-1
MEDRLQAL,1
MEKQQQDQ,-1
MFAAEETG,1
MGPLKKDR,-1
MLFVEPIL,-1
MNIGSDKL,1
MNPGYEVA,-1
MNSDLKAQ,-1
MQDEELMK,-1
MVDNEAIY,-1
MVEKDQDG,-1
MVPGAGSV,-1
MVPTSDKG,-1
MYPGIADR,-1
NAEKELEE,-1
NDEVLVAG,-1
NDGPMPQT,-1
NEAIYDIC,-1
NFPANVMD,-1
NGDVSEET,-1
NGSGMCKA,-1
NGVTAADR,-1
NHINVELS,1
NIAVETDV,-1
NKYSAQGE,-1
NLALAASA,1
NLTLSETQ,1
NPGYEVAP,-1
NPIAQPLA,-1
NQGGLTSV,-1
NQNPIAQP,-1
NQTQKENL,-1
NSAGATYI,-1
NSDLKAQL,-1
NTPKKLGN,-1
NVELSLLG,1
NVMDVIAR,-1
NVVIVASQ,-1
PAAFTEAE,1
PANVMDVI,-1
PAVPETLK,-1
PEEMVTFK,1
PEESPIEQ,-1
PEIEEVQA,1
PELLDDQE,-1
PENAEKEL,-1
PETLKKKR,-1
PEVTDEEI,-1
PGAFTCYL,-1
PGAGSVPA,-1
PGDSDIIR,-1
PGGGGSSV,-1
PGIFYSDS,1
PGVKSEGK,-1
PGYEVAPR,-1
PIAQPLAS,-1
PIEQLEER,-1
PIYELTSQ,-1
PKKLGNSL,-1
PKQDEGVL,-1
PKSAKQKE,-1
PKTAENFR,-1
PKVFFIQA,1
PLMMYISK,1
PLNPKANR,-1
PMDPKLNK,-1
PMEGVDIS,1
PMQCSALR,-1
PPGKEKQR,-1
PRVMSTQR,1
PSAFLELK,1
PSGMCQQL,-1
PSPREMIN,1
PTEIIAFS,-1
PTILEEAK,1
PTLDELDQ,-1
PTVFFDIA,1
PTVGMNFK,-1
PTVIDEVR,-1
PVGGDKNG,-1
PVLEEKER,-1
PVLLTEAP,1
PYEFPEES,1
QADEGQAR,-1
QAKLAEQA,-1
QALDADFR,-1
QALDDTER,-1
QALEKDKP,-1
QDAELKAL,-1
QDEELMKR,-1
QDEGVLKV,-1
QDEIPALS,-1
QDGDEPGP,-1
QDGYLSLL,1
QEAPIYEL,-1
QEYGAGTY,-1
QFQLYEEP,1
QGDVGQLG,-1
QGGLEAVR,-1
QGGLTSVA,-1
QIDPEVTD,-1
QKASNLKR,-1
QKNIAVET,-1
QKTESISK,-1
QKVAAAMP,-1
QLGLGENV,-1
QLPGVKSE,-1
QLSSEALE,-1
QNDEVAFR,-1
QNEGLTID,1
QNGDVSEE,-1
QNGVTAAD,-1
QNPIAQPL,-1
QPGAFTCY,-1
QPTVGMNF,-1
QQQDQVDR,-1
QQTRAAAG,-1
QSERQKAS,1
QTKAEVEQ,-1
QTKTEEEE,-1
QTQKENLR,-1
QTRAAAGR,-1
QVAKVSTA,-1
QVANSAFV,-1
QVELPDGK,-1
QVPRVMST,-1
QVTQPTVG,-1
QYSGAQVR,-1
RALDGACG,-1
RAVFVDLE,1
RFDMAENV,1
RGYCLIIN,-1
RHGLYEKK,1
RLLRGGSC,1
RSFRARAL,1
RVCTLAII,1
RVMSTQRV,-1
SAAAVDAG,-1
SAGATYIR,-1
SASASAER,-1
SATFPMQC,-1
SCPSGPQP,-1
SDEYEQLS,1
SDLKAQLR,-1
SDPKKKTR,-1
SDSFGGDA,-1
SEALEAAR,-1
SEENYQAL,1
SEETMGSR,-1
SEETTAGE,-1
SENMEEEA,1
SETQNGDV,-1
SFELFADK,1
SFGGDAQA,-1
SGAPGEEQ,-1
SGETAKGD,-1
SGEYFLKA,1
SGFTPGGG,-1
SGGGGSSS,-1
SGGLASAR,-1
SGGTTMYP,-1
SGMCKAGF,-1
SGMCQQLP,-1
SKDADLTD,-1
SKEQVANS,-1
SKGNKYSA,-1
SKMLFVEP,1
SKMVPTSD,-1
SKPSKGQK,-1
SLADLQND,-1
SLGLSKGN,-1
SLKDYCTR,-1
SLLGKKKK,-1
SLLQDSGE,-1
SLQNGVTA,-1
SMQDEELM,-1
SNIFYEGS,1
SPIEQLEE,-1
SPKQDEGV,-1
SQALLELE,1
SQEFLASA,1
SQKVAAAM,-1
SSEALEAA,-1
SSKDADLT,-1
SSLLPFVR,-1
SSSSGGGR,-1
SSTSGFTP,-1
SSTTSTGR,-1
SSVSMIAS,-1
STGSIAKR,-1
STSGFTPG,-1
SVDLEETG,-1
SVSMIASR,-1
SVSQKVAA,-1
SWTGFQTK,1
SYDLVLSK,1
SYDYLVIG,1
SYTAQEYG,1
TAGEQSTR,-1
TAKGDYPL,-1
TCYLDAGL,-1
TDDNFESR,-1
TDEEIKKR,-1
TDGQEAPI,-1
TEAELEER,-1
TEAPLNPK,-1
TEDKEALK,-1
TEEEEIDR,-1
TEELDEEE,-1
TEIIAFSD,-1
TEIIAFSN,-1
TEPELLDD,-1
TESISKTN,-1
TFPMQCSA,-1
TGDAGASA,-1
TGEALSEE,-1
TGESKEQV,-1
TGETKDQV,-1
TGGRLEVM,1
TIDLKNFR,-1
TIEIITDR,-1
TILSDPKK,-1
TIMAVEFD,1
TKAEVEQV,-1
TKDQVANS,-1
TKILAEGG,1
TKPVGGDK,-1
TKTEEEEI,-1
TLDELDQK,-1
TLEQKNIA,-1
TLGQGDVG,-1
TLVESSTS,1
TLVTVAAA,-1
TMYPGIAD,-1
TPGGGGSS,-1
TPKKLGNS,-1
TQNGDVSE,-1
TQPTVGMN,-1
TRAAVEEG,1
TRVALEKS,1
TSGFTPGG,-1
TSQFTGLK,-1
TSVDLEET,-1
TTAGEQST,-1
TTMYPGIA,-1
TVAAAGKS,-1
TVFFDIAV,1
TVGMNFKT,-1
TVINQTQK,-1
TVKKGKPE,-1
TVLSGGTT,-1
TVTKPVGG,-1
TVVEEADD,-1
TYGASSTT,-1
VAAAGKSG,-1
VAAAMPVR,-1
VAANDGPM,-1
VAILDINR,-1
VAINFVTE,1
VAKVSTAS,-1
VANSAFVE,-1
VCKAGAVE,-1
VCPTEIIA,-1
VDAGMAMA,-1
VDGEPLGR,-1
VDGTLTAP,-1
VDISPKQD,-1
VDLEETGR,-1
VDLEPTVI,-1
VDNEAIYD,-1
VDNGSGMC,-1
VEEADDDK,-1
VEEESGAP,-1
VEEGEEEE,-1
VEEGIVLG,-1
VEEIAASK,-1
VEEKKKEV,-1
VEFDGGVV,-1
VEKAQDEI,-1
VEKDQDGG,-1
VEKGVPLY,-1
VELPDGKK,-1
VELSLLGK,-1
VEMADGYA,-1
VEQDGDEP,-1
VEQVELPD,-1
VEVSKLKR,-1
VFFDIAVD,1
VFSPIGER,-1
VGGDKNGG,-1
VGMNFKTP,-1
VGQLGLGE,-1
VIAPDTSP,-1
VIDNGSGM,-1
VIGGGSGG,-1
VINQTQKE,-1
VIPAGVPR,-1
VISKMLFV,-1
VIVASQKR,-1
VKDVFSPI,-1
VKKGKPEL,-1
VLGGGCAL,-1
VLNFYEAN,1
VLQALEGL,1
VLSGGTTM,-1
VLSKPSKG,-1
VLVAGFGR,-1
VMSTQRVA,-1
VNQNPIAQ,-1
VPAVPETL,-1
VPETLKKK,-1
VPGAGSVP,-1
VPKTAENF,-1
VPRVMSTQ,-1
VPTSDKGR,-1
VQALDDTE,-1
VQDAELKA,-1
VSEETMGS,-1
VSFERHED,-1
VSLADLQN,-1
VSLKDYCT,-1
VSQKVAAA,-1
VSSKDADL,-1
VSTASVGR,-1
VTDEEIKK,-1
VTFKKTKR,-1
VTKPVGGD,-1
VTQPTVGM,-1
VTVAAAGK,-1
VVAANDGP,-1
VVDNGSGM,-1
VVEEADDD,-1
VVIAPDTS,-1
VVIPAGVP,-1
VVIVASQK,-1
VVMGSDSR,-1
VVPKTAEN,-1
VVVIPAGV,-1
VYAPPGKE,-1
VYQAKLAE,-1
WKALIEME,1
YAFKAINQ,1
YAPPGKEK,-1
YCLIINNH,-1
YEANFPAN,-1
YEEIDNAP,-1
YEEPDTKL,-1
YEGSLQNG,-1
YEKKKTSR,-1
YELTSQFT,-1
YEQLSSEA,-1
YFEYIEEN,1
YGAGTYGA,-1
YGASCEDI,-1
YGASSTTS,-1
YGTDGQEA,-1
YIEENKYS,-1
YIEQTLVT,1
YISKMVPT,-1
YITGESKE,-1
YITGETKD,-1
YLDAGLAR,-1
YLSLLQDS,-1
YQAKLAEQ,-1
YQALDADF,-1
YQELLVNQ,1
YSDSFGGD,-1
